-- MySQL dump 10.13  Distrib 8.0.38, for Win64 (x86_64)
--
-- Host: 127.0.0.1    Database: travelapp
-- ------------------------------------------------------
-- Server version	8.0.39

/*!40101 SET @OLD_CHARACTER_SET_CLIENT=@@CHARACTER_SET_CLIENT */;
/*!40101 SET @OLD_CHARACTER_SET_RESULTS=@@CHARACTER_SET_RESULTS */;
/*!40101 SET @OLD_COLLATION_CONNECTION=@@COLLATION_CONNECTION */;
/*!50503 SET NAMES utf8 */;
/*!40103 SET @OLD_TIME_ZONE=@@TIME_ZONE */;
/*!40103 SET TIME_ZONE='+00:00' */;
/*!40014 SET @OLD_UNIQUE_CHECKS=@@UNIQUE_CHECKS, UNIQUE_CHECKS=0 */;
/*!40014 SET @OLD_FOREIGN_KEY_CHECKS=@@FOREIGN_KEY_CHECKS, FOREIGN_KEY_CHECKS=0 */;
/*!40101 SET @OLD_SQL_MODE=@@SQL_MODE, SQL_MODE='NO_AUTO_VALUE_ON_ZERO' */;
/*!40111 SET @OLD_SQL_NOTES=@@SQL_NOTES, SQL_NOTES=0 */;

--
-- Table structure for table `tbl_Account`
--

DROP TABLE IF EXISTS `tbl_Account`;
/*!40101 SET @saved_cs_client     = @@character_set_client */;
/*!50503 SET character_set_client = utf8mb4 */;
CREATE TABLE `tbl_Account` (
  `accountId` int NOT NULL AUTO_INCREMENT,
  `userName` varchar(100) COLLATE utf8mb4_unicode_ci NOT NULL,
  `passwordHash` varchar(255) COLLATE utf8mb4_unicode_ci NOT NULL,
  `socialProvider` varchar(100) COLLATE utf8mb4_unicode_ci DEFAULT NULL COMMENT 'LOCAL, GOOGLE',
  `role` varchar(20) COLLATE utf8mb4_unicode_ci NOT NULL DEFAULT 'USER' COMMENT 'USER, ADMIN',
  `tbl_CustomercustomerId` int NOT NULL,
  PRIMARY KEY (`accountId`),
  UNIQUE KEY `userName` (`userName`),
  KEY `fk_Account_Customer` (`tbl_CustomercustomerId`),
  KEY `idx_account_role` (`role`),
  CONSTRAINT `fk_Account_Customer` FOREIGN KEY (`tbl_CustomercustomerId`) REFERENCES `tbl_Customer` (`customerId`) ON DELETE CASCADE
) ENGINE=InnoDB AUTO_INCREMENT=3 DEFAULT CHARSET=utf8mb4 COLLATE=utf8mb4_unicode_ci;
/*!40101 SET character_set_client = @saved_cs_client */;

--
-- Dumping data for table `tbl_Account`
--

LOCK TABLES `tbl_Account` WRITE;
/*!40000 ALTER TABLE `tbl_Account` DISABLE KEYS */;
INSERT INTO `tbl_Account` VALUES (1,'admin','$2a$10$YES/fo7bb7JwqQJE/iIKwOYRBcDx.AQVdbVO68MYSYEB73KQnYX.C','LOCAL','ADMIN',1),(2,'nguyenvanb','$2a$10$axNmAAhDP/RRDVv/aya01OPD2EqZuKjOXJyfq.2zqq3YCP2pmBUgK','LOCAL','USER',2);
/*!40000 ALTER TABLE `tbl_Account` ENABLE KEYS */;
UNLOCK TABLES;

--
-- Table structure for table `tbl_Budget`
--

DROP TABLE IF EXISTS `tbl_Budget`;
/*!40101 SET @saved_cs_client     = @@character_set_client */;
/*!50503 SET character_set_client = utf8mb4 */;
CREATE TABLE `tbl_Budget` (
  `budgetId` int NOT NULL AUTO_INCREMENT,
  `totalAmount` decimal(38,2) NOT NULL,
  `currency` varchar(3) COLLATE utf8mb4_unicode_ci NOT NULL DEFAULT 'VND',
  `tbl_TriptripId` int NOT NULL,
  PRIMARY KEY (`budgetId`),
  UNIQUE KEY `tbl_TriptripId` (`tbl_TriptripId`),
  CONSTRAINT `fk_Budget_Trip` FOREIGN KEY (`tbl_TriptripId`) REFERENCES `tbl_Trip` (`tripId`) ON DELETE CASCADE
) ENGINE=InnoDB AUTO_INCREMENT=6 DEFAULT CHARSET=utf8mb4 COLLATE=utf8mb4_unicode_ci;
/*!40101 SET character_set_client = @saved_cs_client */;

--
-- Dumping data for table `tbl_Budget`
--

LOCK TABLES `tbl_Budget` WRITE;
/*!40000 ALTER TABLE `tbl_Budget` DISABLE KEYS */;
INSERT INTO `tbl_Budget` VALUES (4,5158229.00,'VND',4),(5,10734600.00,'VND',5);
/*!40000 ALTER TABLE `tbl_Budget` ENABLE KEYS */;
UNLOCK TABLES;

--
-- Table structure for table `tbl_ChatMessage`
--

DROP TABLE IF EXISTS `tbl_ChatMessage`;
/*!40101 SET @saved_cs_client     = @@character_set_client */;
/*!50503 SET character_set_client = utf8mb4 */;
CREATE TABLE `tbl_ChatMessage` (
  `messageId` int NOT NULL AUTO_INCREMENT,
  `tbl_ChatThreadthreadId` int NOT NULL,
  `role` varchar(20) COLLATE utf8mb4_unicode_ci NOT NULL COMMENT 'user, assistant, system',
  `content` text COLLATE utf8mb4_unicode_ci NOT NULL,
  `createdAt` timestamp NOT NULL DEFAULT CURRENT_TIMESTAMP,
  PRIMARY KEY (`messageId`),
  KEY `idx_chatmessage_thread` (`tbl_ChatThreadthreadId`),
  CONSTRAINT `fk_ChatMessage_Thread` FOREIGN KEY (`tbl_ChatThreadthreadId`) REFERENCES `tbl_ChatThread` (`threadId`) ON DELETE CASCADE
) ENGINE=InnoDB DEFAULT CHARSET=utf8mb4 COLLATE=utf8mb4_unicode_ci;
/*!40101 SET character_set_client = @saved_cs_client */;

--
-- Dumping data for table `tbl_ChatMessage`
--

LOCK TABLES `tbl_ChatMessage` WRITE;
/*!40000 ALTER TABLE `tbl_ChatMessage` DISABLE KEYS */;
/*!40000 ALTER TABLE `tbl_ChatMessage` ENABLE KEYS */;
UNLOCK TABLES;

--
-- Table structure for table `tbl_ChatThread`
--

DROP TABLE IF EXISTS `tbl_ChatThread`;
/*!40101 SET @saved_cs_client     = @@character_set_client */;
/*!50503 SET character_set_client = utf8mb4 */;
CREATE TABLE `tbl_ChatThread` (
  `threadId` int NOT NULL AUTO_INCREMENT,
  `title` varchar(255) COLLATE utf8mb4_unicode_ci DEFAULT NULL,
  `createdAt` timestamp NOT NULL DEFAULT CURRENT_TIMESTAMP,
  `lastMessageAt` timestamp NULL DEFAULT NULL,
  `tbl_CustomercustomerId` int NOT NULL,
  PRIMARY KEY (`threadId`),
  KEY `idx_chatthread_customer` (`tbl_CustomercustomerId`),
  CONSTRAINT `fk_ChatThread_Customer` FOREIGN KEY (`tbl_CustomercustomerId`) REFERENCES `tbl_Customer` (`customerId`) ON DELETE CASCADE
) ENGINE=InnoDB DEFAULT CHARSET=utf8mb4 COLLATE=utf8mb4_unicode_ci;
/*!40101 SET character_set_client = @saved_cs_client */;

--
-- Dumping data for table `tbl_ChatThread`
--

LOCK TABLES `tbl_ChatThread` WRITE;
/*!40000 ALTER TABLE `tbl_ChatThread` DISABLE KEYS */;
/*!40000 ALTER TABLE `tbl_ChatThread` ENABLE KEYS */;
UNLOCK TABLES;

--
-- Table structure for table `tbl_City`
--

DROP TABLE IF EXISTS `tbl_City`;
/*!40101 SET @saved_cs_client     = @@character_set_client */;
/*!50503 SET character_set_client = utf8mb4 */;
CREATE TABLE `tbl_City` (
  `cityId` int NOT NULL AUTO_INCREMENT,
  `name` varchar(100) COLLATE utf8mb4_unicode_ci NOT NULL,
  `tbl_RegionregionId` int DEFAULT NULL,
  `latitude` decimal(9,6) DEFAULT NULL COMMENT 'GPS Latitude',
  `longitude` decimal(9,6) DEFAULT NULL COMMENT 'GPS Longitude',
  `description` text COLLATE utf8mb4_unicode_ci,
  `createdAt` timestamp NOT NULL DEFAULT CURRENT_TIMESTAMP,
  `updatedAt` timestamp NULL DEFAULT NULL,
  PRIMARY KEY (`cityId`),
  KEY `idx_city_region` (`tbl_RegionregionId`),
  CONSTRAINT `fk_City_Region` FOREIGN KEY (`tbl_RegionregionId`) REFERENCES `tbl_Region` (`regionId`) ON DELETE SET NULL
) ENGINE=InnoDB AUTO_INCREMENT=11 DEFAULT CHARSET=utf8mb4 COLLATE=utf8mb4_unicode_ci;
/*!40101 SET character_set_client = @saved_cs_client */;

--
-- Dumping data for table `tbl_City`
--

LOCK TABLES `tbl_City` WRITE;
/*!40000 ALTER TABLE `tbl_City` DISABLE KEYS */;
INSERT INTO `tbl_City` VALUES (1,'Hà Nội',1,21.028511,105.804817,'Thủ đô nghìn năm văn hiến; khám phá Phố Cổ, Hoàng thành Thăng Long (UNESCO), Văn Miếu, Lăng Chủ tịch Hồ Chí Minh, Bảo tàng Dân tộc học, kiến trúc Pháp thuộc.','2025-11-11 10:51:22',NULL),(2,'Huế',2,16.463713,107.590866,'Cố đô triều Nguyễn; Kinh thành Huế (Đại Nội), lăng Minh Mạng, Tự Đức, Khải Định, Chùa Thiên Mụ, Nhã nhạc cung đình Huế (UNESCO).','2025-11-11 10:51:22',NULL),(3,'Hội An',2,15.879720,108.331940,'Đô thị cổ Di sản UNESCO; dạo Phố cổ đêm đèn lồng, Chùa Cầu, hội quán Phúc Kiến/Quảng Đông, nhà cổ Tấn Ký, Phùng Hưng.','2025-11-11 10:51:22',NULL),(4,'TP. Hồ Chí Minh',3,10.762622,106.660172,'Trung tâm kinh tế sôi động; Dinh Độc Lập, Bảo tàng Chứng tích Chiến tranh, Địa đạo Củ Chi, Bưu điện Trung tâm, Nhà thờ Đức Bà.','2025-11-11 10:51:22',NULL),(5,'Ninh Bình',1,20.250615,105.974454,'Kinh đô Hoa Lư thời Đinh - Tiền Lê; Cố đô Hoa Lư, quần thể Tràng An (UNESCO), chùa Bái Đính.','2025-11-11 10:51:22',NULL),(6,'Sapa',1,22.337690,103.840370,'Văn hóa dân tộc thiểu số Tây Bắc (H Mông, Dao Đỏ, Tày, Giáy); bản Cát Cát, Tả Van, Tả Phìn; nghề dệt; Nhà thờ Đá thời Pháp.','2025-11-11 10:51:22',NULL),(7,'Điện Biên Phủ',1,21.386020,103.023010,'Chiến thắng 1954 lịch sử; thăm Đồi A1, Hầm Đờ Cát, Bảo tàng Chiến thắng Điện Biên Phủ, Nghĩa trang Liệt sĩ.','2025-11-11 10:51:22',NULL),(8,'Quy Nhơn',2,13.770409,109.232667,'Trung tâm văn hóa Chăm-pa; tháp Chăm (Tháp Đôi, Bánh Ít); Bảo tàng Quang Trung và võ cổ truyền Bình Định.','2025-11-11 10:51:22',NULL),(9,'Hà Giang',1,22.802559,104.978449,'Nhiều dân tộc thiểu số; Công viên địa chất Toàn cầu UNESCO Cao nguyên đá Đồng Văn; Phố cổ Đồng Văn, Dinh họ Vương, Cột cờ Lũng Cú, chợ vùng cao.','2025-11-11 10:51:22',NULL),(10,'Côn Đảo',3,8.695300,106.619000,'Thiên nhiên đẹp và di tích lịch sử “địa ngục trần gian”: hệ thống nhà tù (Chuồng cọp, Chuồng bò), Bảo tàng Côn Đảo, Nghĩa trang Hàng Dương.','2025-11-11 10:51:23',NULL);
/*!40000 ALTER TABLE `tbl_City` ENABLE KEYS */;
UNLOCK TABLES;

--
-- Table structure for table `tbl_Customer`
--

DROP TABLE IF EXISTS `tbl_Customer`;
/*!40101 SET @saved_cs_client     = @@character_set_client */;
/*!50503 SET character_set_client = utf8mb4 */;
CREATE TABLE `tbl_Customer` (
  `customerId` int NOT NULL AUTO_INCREMENT,
  `fullName` varchar(100) COLLATE utf8mb4_unicode_ci NOT NULL,
  `email` varchar(100) COLLATE utf8mb4_unicode_ci NOT NULL,
  `phone` varchar(20) COLLATE utf8mb4_unicode_ci DEFAULT NULL,
  `address` varchar(100) COLLATE utf8mb4_unicode_ci DEFAULT NULL,
  `dob` date DEFAULT NULL,
  PRIMARY KEY (`customerId`),
  UNIQUE KEY `email` (`email`),
  UNIQUE KEY `phone` (`phone`)
) ENGINE=InnoDB AUTO_INCREMENT=3 DEFAULT CHARSET=utf8mb4 COLLATE=utf8mb4_unicode_ci;
/*!40101 SET character_set_client = @saved_cs_client */;

--
-- Dumping data for table `tbl_Customer`
--

LOCK TABLES `tbl_Customer` WRITE;
/*!40000 ALTER TABLE `tbl_Customer` DISABLE KEYS */;
INSERT INTO `tbl_Customer` VALUES (1,'Administrator','admin@tripapp.com','0000000000','Admin Office',NULL),(2,'Nguyen Van B','b.nguyen@example.com','0922523268',NULL,NULL);
/*!40000 ALTER TABLE `tbl_Customer` ENABLE KEYS */;
UNLOCK TABLES;

--
-- Table structure for table `tbl_Destination`
--

DROP TABLE IF EXISTS `tbl_Destination`;
/*!40101 SET @saved_cs_client     = @@character_set_client */;
/*!50503 SET character_set_client = utf8mb4 */;
CREATE TABLE `tbl_Destination` (
  `destinationId` int NOT NULL AUTO_INCREMENT,
  `name` varchar(100) COLLATE utf8mb4_unicode_ci NOT NULL,
  `address` varchar(255) COLLATE utf8mb4_unicode_ci DEFAULT NULL,
  `imgPath` varchar(500) COLLATE utf8mb4_unicode_ci DEFAULT NULL,
  `googleMapUrl` varchar(500) COLLATE utf8mb4_unicode_ci DEFAULT NULL,
  `description` text COLLATE utf8mb4_unicode_ci,
  `tbl_CitycityId` int DEFAULT NULL,
  `placeId` varchar(255) COLLATE utf8mb4_unicode_ci DEFAULT NULL COMMENT 'Google Place ID from SerpAPI',
  `rating` double DEFAULT NULL,
  `reviewCount` int DEFAULT NULL COMMENT 'Number of reviews',
  `types` varchar(500) COLLATE utf8mb4_unicode_ci DEFAULT NULL COMMENT 'Comma-separated type IDs from Google Maps',
  `website` varchar(500) COLLATE utf8mb4_unicode_ci DEFAULT NULL COMMENT 'Official website URL',
  `openState` varchar(255) COLLATE utf8mb4_unicode_ci DEFAULT NULL COMMENT 'Opening hours status',
  `createdAt` timestamp NOT NULL DEFAULT CURRENT_TIMESTAMP,
  `updatedAt` timestamp NULL DEFAULT NULL,
  PRIMARY KEY (`destinationId`),
  KEY `idx_destination_city` (`tbl_CitycityId`),
  KEY `idx_destination_placeid` (`placeId`),
  CONSTRAINT `fk_Destination_City` FOREIGN KEY (`tbl_CitycityId`) REFERENCES `tbl_City` (`cityId`) ON DELETE SET NULL
) ENGINE=InnoDB AUTO_INCREMENT=240 DEFAULT CHARSET=utf8mb4 COLLATE=utf8mb4_unicode_ci;
/*!40101 SET character_set_client = @saved_cs_client */;

--
-- Dumping data for table `tbl_Destination`
--

LOCK TABLES `tbl_Destination` WRITE;
/*!40000 ALTER TABLE `tbl_Destination` DISABLE KEYS */;
INSERT INTO `tbl_Destination` VALUES (42,'French Quarter Heritage House NGT 13','13 P. Nguyễn Gia Thiều, Trần Hưng Đạo, Hoàn Kiếm, Hà Nội, Việt Nam','https://lh3.googleusercontent.com/gps-cs-s/AG0ilSy8x31vZa0ylXh9HmiBJjKRXonfymGUS5uh0ATh0CF9lCRPv1GlTqewGIbiiNT6IiC8xL5GUVimdp_rcAWlhs8Kg5lazDiLIpKsQJwzogFr-ccYqT6AEjIMrx5cu9grfZwqTwxq=w80-h106-k-no','https://www.google.com/maps/place/?q=place_id:ChIJt2fG42erNTER6S7_qA8dupI',NULL,1,'ChIJt2fG42erNTER6S7_qA8dupI',3.6,9,'tourist_attraction',NULL,'Đang mở cửa','2025-11-19 07:14:15',NULL),(43,'Di tích Nhà tù Hỏa Lò','1 P. Hoả Lò, Trần Hưng Đạo, Hoàn Kiếm, Hà Nội, Việt Nam','https://lh3.googleusercontent.com/gps-cs-s/AG0ilSx25hvx5kNp2jooqbyfSovyTTO989tzngmpOQdKbVGjKxOpINe5sf0SUeQMYCdOjaRxnZNQDDwLs8jVOB_lnuXYIixR8LfU-H1O7dINKv_H0ci3PSaEFGDubI5QBIiLxyuteQ4=w122-h92-k-no','https://www.google.com/maps/place/?q=place_id:ChIJld5RqparNTERVK8x7gvhAZc','Bảo tàng tôn tạo từ nhà tù cũ. Tàn tích của nhà tù nhiều tầng dành cho tù binh ch.tranh Việt Nam chỉ còn lại khu canh gác, nay là bảo tàng.',1,'ChIJld5RqparNTERVK8x7gvhAZc',4.5,19914,'tourist_attraction,heritage_preservation,history_museum','https://hoalo.vn/','Đang mở cửa · Đóng cửa vào 17:00','2025-11-19 07:14:15',NULL),(44,'Nhà Cổ Hà Nội','87 Mã Mây, Hàng Buồm, Hoàn Kiếm, Hà Nội, Việt Nam','https://lh3.googleusercontent.com/gps-cs-s/AG0ilSwVSeYri6mqS9ei9fWgL2ZXXHndXlt32pBKYCTzSijAJr8ZBRer15Fvgk7X4-3n4NhbzXpVnLwZGHmDx9okm7cic9xHUyv5eBTuTPmdGN32K5R1wootxAbDz5u4sAPHOWF32cXI=w122-h92-k-no','https://www.google.com/maps/place/?q=place_id:ChIJMVejkMCrNTERfwccORcs4Pc',NULL,1,'ChIJMVejkMCrNTERfwccORcs4Pc',3.7,72,'tourist_attraction,pilgrimages_place,museum',NULL,'Đang mở cửa · Đóng cửa vào 0:00','2025-11-19 07:14:15',NULL),(45,'Hoàng Thành Thăng Long','19c Hoàng Diệu, Điện Biên, Ba Đình, Hà Nội 100000, Việt Nam','https://lh3.googleusercontent.com/gps-cs-s/AG0ilSyTZetHWdQF7_EMkOKJHjXLCeUYdS1Zq1N8XngPuUORy6AaXnD8W3hcZQHS84mbD48Nru5QNKLaunyWBEbOMv_1X1Zq8otWtLO81FvnhacuJsOkLolYeob01C6ABOEXruPSrYA=w92-h92-k-no','https://www.google.com/maps/place/?q=place_id:ChIJSXwdOKOrNTERNylYj9mnIbU','Hoàng thành từ thế kỷ 11. Khu hoàng thành với các tòa nhà và tác phẩm điêu khắc có từ thế kỷ 11, gồm một tòa tháp và con rồng đá.',1,'ChIJSXwdOKOrNTERNylYj9mnIbU',4.4,17560,'tourist_attraction,heritage_preservation,historical_landmark','https://hoangthanhthanglong.vn/','Đang mở cửa · Đóng cửa vào 17:00','2025-11-19 07:14:15',NULL),(46,'Weekend Walking Street','5 Đinh Tiên Hoàng, Hàng Trống, Hoàn Kiếm, Hà Nội, Việt Nam','https://lh3.googleusercontent.com/gps-cs-s/AG0ilSwcZjke-RmCk8CF4EbFQ5_qFkeK2vhZZbv7vTXN4rRQrRoRCAVjnBUshFuEZ0LVCxbZs1BB5vphdZ04QBpUGRrozcsAWJ3h4xtoHmMPAXNCh8Rl_Grdk2a0oGt15-3Xdtt34AOY=w138-h92-k-no','https://www.google.com/maps/place/?q=place_id:ChIJ87NZ0GqrNTERFlxiMWBA2pQ',NULL,1,'ChIJ87NZ0GqrNTERFlxiMWBA2pQ',4.5,296,'tourist_attraction',NULL,'Đã đóng cửa · Mở cửa vào 19:00 Th 6','2025-11-19 07:14:15',NULL),(47,'Bảo tàng Lịch sử Quốc gia','1 Tràng Tiền, Phan Chu Trinh, Hoàn Kiếm, Hà Nội, Việt Nam','https://lh3.googleusercontent.com/gps-cs-s/AG0ilSznkN4xgi5OIXrwEOKT5V-Idzgl017HUWinlVGOEBaxPrIKwC66UmlM_4CGzehFCMeyReiR-4WUXf8BMs9yIv4ymA3iilCPkUqy2gFxtKKImmwlegOmMgLtjiI-9lcTw4u8ZYbn=w120-h92-k-no','https://www.google.com/maps/place/?q=place_id:ChIJ1zQSZumrNTERkijOtf97SX0','Triển lãm thời tiền sử và hiện đại. Bảo tàng gồm hai toà nhà trưng bày các hiện vật và nghệ thuật Phật giáo với tượng & di vật chiến tranh.',1,'ChIJ1zQSZumrNTERkijOtf97SX0',4.3,3788,'tourist_attraction,history_museum','http://www.baotanglichsu.vn/','Đang mở cửa · Đóng cửa vào 17:00','2025-11-19 07:14:15',NULL),(48,'Khu Phố Cổ Hà Nội','P. Hàng Ngang, Hàng Đào, Hoàn Kiếm, Hà Nội 100000, Việt Nam','https://lh3.googleusercontent.com/gps-cs-s/AG0ilSyknO6Z8dUgzU-huBa57mwgMAa31TvEl3Jr6kwA1NLcYlnbvNMzv_CdyTjl1atnArUMNqZPJr-Epn1v0L5JGcnfzpAXbVWHd2rKk5AhTUqkD3imJ-t7drnO3vJ9SAJfPLLciBY7=w201-h92-k-no','https://www.google.com/maps/place/?q=place_id:ChIJp0o4Er6rNTERjlTif_IXU1k','Khu vực bán thức ăn, có chợ và nhà ống. Khu giao thương lâu đời, có chợ đêm, những con ngõ nhỏ, quầy hàng rong và nhà cửa xây hình ống.',1,'ChIJp0o4Er6rNTERjlTif_IXU1k',4.6,8502,'tourist_attraction,historical_landmark',NULL,'Mở cả ngày','2025-11-19 07:14:16',NULL),(49,'Bảo tàng Lịch sử Quân sự Việt Nam','Km6+500, CT03, Xuân Phương, Hà Nội, Việt Nam','https://lh3.googleusercontent.com/gps-cs-s/AG0ilSxjii3M_jNBgXnpIabmX_4clgxN4jjK2U2zfiPiFcb-gfatfjJ_r76oFfvVtp-6XZxUEgEF1VX1aHQTgCsmiU7I3NujkI7lvwpe8RLKM_GNSO6-Hs3YiYdHB52PZQjpyBqA0Js=w122-h92-k-no','https://www.google.com/maps/place/?q=place_id:ChIJE109t6KrNTERsaAoYzbvoKY','Bảo tàng lịch sử quân đội quốc gia. Bảo tàng lịch sử quân đội trưng bày hiện vật từ các chiến dịch khác nhau và có cả bộ sưu tập máy bay.',1,'ChIJE109t6KrNTERsaAoYzbvoKY',4.5,11013,'tourist_attraction,history_museum,museum,army_museum,war_museum','https://baotanglichsuquansu.vn/vi-vn/','Đang mở cửa · Đóng cửa vào 16:30','2025-11-19 07:14:16',NULL),(50,'Martyrs’ Monument','87 P. Lò Sũ, Lý Thái Tổ, Hoàn Kiếm, Hà Nội, Việt Nam','https://lh3.googleusercontent.com/gps-cs-s/AG0ilSy1fTCDkzAjHVVh4X1l-4m1b8n2MImcc-A2sW5nebvQRFvvPH2mUopiny1uAd6yf1UJlroWYY_zoXSLhXn4a61zhNMtD8OBKdSZpWhVq_iSly4XIq7m8WoYiY1BacxU9D2jf_LyOKEge1Y=w80-h106-k-no','https://www.google.com/maps/place/?q=place_id:ChIJd5v5UwCrNTERbCqYq5fm9Io',NULL,1,'ChIJd5v5UwCrNTERbCqYq5fm9Io',4.3,3,'historical_landmark',NULL,NULL,'2025-11-19 07:14:16',NULL),(51,'Xe 2 tầng Hà Nội - Hop on hop off bus Vietnam Sightseeing','1 Tràng Tiền, Phan Chu Trinh, Hoàn Kiếm, Hà Nội, Việt Nam','https://lh3.googleusercontent.com/gps-cs-s/AG0ilSx0e9zhYqvfvARIpjWvbf1cwvqrTiUNOrFXnrCnXBjLu1cc-9BSobkI6ifn4aE1_JZvriiImg0bSpGkTvfNuw36H9X3cpI52HSwcCJJ064Ak1UEZ0afnD9E-Ctg40Qsx9cFMlPz=w122-h92-k-no','https://www.google.com/maps/place/?q=place_id:ChIJVUvVbACrNTERzY_ZFRXbAKc',NULL,1,'ChIJVUvVbACrNTERzY_ZFRXbAKc',4.9,595,'tourist_attraction','https://vn-sightseeing.com/','Đang mở cửa · Đóng cửa vào 20:00','2025-11-19 07:14:16',NULL),(52,'Đền Bạch Mã','76 P. Hàng Buồm, Hàng Buồm, Hoàn Kiếm, Hà Nội, Việt Nam','https://lh3.googleusercontent.com/gps-cs-s/AG0ilSwhaygD9mcyZ6gII0V8z2pcOa87bwVNX18sgOgLKiEDbc4wpSASv66xHKx_QmO3a-o27462KbWbuNh-IAsjILxuj4bDAeVY9srBJjUUcYCCvhlY2nbBquP31xE1SMCSKLs8FOY5NA=w122-h92-k-no','https://www.google.com/maps/place/?q=place_id:ChIJ9Y3KR7-rNTERawQ7FeFv5gA','Ngôi đền lộng lẫy có từ thế kỷ 11. Ngôi đền tinh xảo xây dựng vào thời nhà Lý năm 1010 và tái xây dựng vào thế kỷ 18 và 19.',1,'ChIJ9Y3KR7-rNTERawQ7FeFv5gA',4.5,1211,'tourist_attraction,historical_landmark,place_of_worship',NULL,'Đang mở cửa · Đóng cửa vào 17:30','2025-11-19 07:14:16',NULL),(53,'Đình Kim Ngân','44 P. Hàng Bạc, Hàng Buồm, Hoàn Kiếm, Hà Nội, Việt Nam','https://lh3.googleusercontent.com/gps-cs-s/AG0ilSz6Hw-Ho5-gSn6v-wHQ2O5UIcxJrrfp22lAij1jv5mHC-I2mpTzThWV-fylRpWyR3tTDc-bOOrka3SmpIm51iVfHGYY19JsSh4RdoDpyZaI7h7R2En37uoSc8HTxZnAAl1Jfu5_=w137-h92-k-no','https://www.google.com/maps/place/?q=place_id:ChIJWZ7jgsCrNTERf-5MtRb1j90',NULL,1,'ChIJWZ7jgsCrNTERf-5MtRb1j90',4.6,109,'tourist_attraction,shrine,historic_site',NULL,'Đang mở cửa · Đóng cửa vào 17:00','2025-11-19 07:14:16',NULL),(54,'Khuê Văn Các','2RHP+C8P, P.Tôn Đức Thắng, Văn Miếu – Quốc Tử Giám, Đống Đa, Hà Nội, Việt Nam','https://lh3.googleusercontent.com/gps-cs-s/AG0ilSzIu3fJHR4KFqbjsuCJbzgwF4WfAYsBLpKNi5FrTHiSbxyRhY4cT-paXRxT318pEFROA5vH9-9Slip7mNX2-S11gNa30yyhCL8W8C6R-ToEv-fay-KKTv-p1lI1nHsOAmSUK0n-=w122-h92-k-no','https://www.google.com/maps/place/?q=place_id:ChIJqyT4JJmrNTERSCX5Yt9nwiY',NULL,1,'ChIJqyT4JJmrNTERSCX5Yt9nwiY',4.6,354,'tourist_attraction,historic_site',NULL,'Đang mở cửa · Đóng cửa vào 17:00','2025-11-19 07:14:16',NULL),(55,'Chùa Một Cột','2RPM+79G, P. Chùa Một Cột, Đội Cấn, Ba Đình, Hà Nội 100000, Việt Nam','https://lh3.googleusercontent.com/gps-cs-s/AG0ilSxiXJaVRcPhQe9DIccdsOkfuSZ_-yD-dFXgNYu7gn8wmq1zZqoL7oiX9K8CF2gbb7DdWGMCaSNWTjR_YiRfz7FCB-PjaMPK7-T-3E8BQdKbqxTdsBydjC2r6lJcsvTAG0jQew9N=w138-h92-k-no','https://www.google.com/maps/place/?q=place_id:ChIJ7XWEcqGrNTERrsLf6W8259s','Ngôi chùa thờ Phật cổ xưa được xây lại. Ngôi chùa thờ Phật đã được xây lại, vốn được dựng lên vào năm 1049 với thiết kế hoa sen.',1,'ChIJ7XWEcqGrNTERrsLf6W8259s',4.3,9851,'tourist_attraction,pagoda,religious_destination,buddhist_temple','http://www.chuamotcot.vn/','Đang mở cửa · Đóng cửa vào 18:00','2025-11-19 07:14:16',NULL),(56,'Tượng Đài Quang Trung','P. Đặng Tiến Đông, Quang Trung, Đống Đa, Hà Nội, Việt Nam','https://lh3.googleusercontent.com/gps-cs-s/AG0ilSwfy_KhIfkiLAzTbGi3T8oS0pZ3PzbXVF6N0pHP_YFPrsixKcLTfyRUtTfYwTIBWlQsIP59PyFEBEKGYc2uf0IzCp9aQ_03ZYpeQG1gzsOJYLPPXiKhqMF8P0tAqAu8P7rJNQ_K=w189-h92-k-no','https://www.google.com/maps/place/?q=place_id:ChIJ1ySWYn6rNTERznB6elZTqpI',NULL,1,'ChIJ1ySWYn6rNTERznB6elZTqpI',4.4,217,'tourist_attraction',NULL,'Mở cả ngày','2025-11-19 07:14:16',NULL),(57,'Quan Su House - Đỗ Family Museum','54 P. Quán Sứ, Hàng Bông, Hoàn Kiếm, Hà Nội 10000, Việt Nam','https://lh3.googleusercontent.com/gps-cs-s/AG0ilSycCrjnvqY0PqkWnpjsO_QYGKiXhEodWtTr28l_SiO3gmmGf3Zbcb1kGmN6tf28XnTK-HcfcOQWbg56Ni4iMu9Wf3nkGLgXwRl0qttQsVpsyE74vVg0LlAfz6CqlXLHtV6zIPA=w80-h106-k-no','https://www.google.com/maps/place/?q=place_id:ChIJGxsRZqirNTERuK-PI2f6yWE',NULL,1,'ChIJGxsRZqirNTERuK-PI2f6yWE',5,32,'tourist_attraction','https://web.facebook.com/profile.php?id=61565092170808','Đã đóng cửa · Mở cửa vào 9:30 Th 5','2025-11-19 07:14:16',NULL),(58,'Nhà Lưu niệm Hồ Chí Minh','48 P. Hàng Ngang, Hàng Đào, Hoàn Kiếm, Hà Nội, Việt Nam','https://lh3.googleusercontent.com/gps-cs-s/AG0ilSxdup0avoCDFrYj3f0CXpf1Hv5fU0-RUA2ns_8y8wBmuHh_DMk0kQ-6v24bOu63qHNn05eeH1ZB6sYqcnew29rQGY2NQyJSNO0UXGwRCJG3BjKa1lLfKtOnrI0aUfO5BfGFdIw=w163-h92-k-no','https://www.google.com/maps/place/?q=place_id:ChIJ-5hFEL-rNTERLnRvSb_33fg',NULL,1,'ChIJ-5hFEL-rNTERLnRvSb_33fg',4.3,186,'tourist_attraction,museum',NULL,'Đang mở cửa · Đóng cửa vào 16:30','2025-11-19 07:14:16',NULL),(59,'City Sightseeing Ticketing Counter','6A P. Phan Chu Trinh, Phan Chu Trinh, Hoàn Kiếm, Hà Nội, Việt Nam','https://lh3.googleusercontent.com/gps-cs-s/AG0ilSwMvxOTK3uAzdjD3pzgJF8agCy00wewZn7yqnag0p-VMu8u_6cWYz9YL_tq6kmvEAKLUz76Wx_UZ0idLfE2yGtqs6fCzjlfyK2mDnCG5Z2-TBKWoNQFwtSs3rJbxbtZ9IbCOlthSw=w122-h92-k-no','https://www.google.com/maps/place/?q=place_id:ChIJ97zZYJmrNTERiYRTZw0reL0',NULL,1,'ChIJ97zZYJmrNTERiYRTZw0reL0',4.2,119,'tourist_attraction','https://city-sightseeing.com/en/155/hanoi','Đang mở cửa · Đóng cửa vào 19:30','2025-11-19 07:14:16',NULL),(60,'Tháp Rùa','2VH2+4WJ, P. Lê Thái Tổ, Hàng Trống, Hoàn Kiếm, Hà Nội, Việt Nam','https://lh3.googleusercontent.com/gps-cs-s/AG0ilSzrZx2XvRqfGEwEsOGgbDS-uaLVMFcigQnavjb9Nkzs7tN5VTgK3kG9IoHC2juHk9nvXIwyFI0A9-v55Nul8zM2nGWGSdz65aLQ4RgiPSAoo3JOrN6SD3SI072fW7R1tJGcDHouPQ=w138-h92-k-no','https://www.google.com/maps/place/?q=place_id:ChIJMRqjK5WrNTERYMjmmwkrGOQ',NULL,1,'ChIJMRqjK5WrNTERYMjmmwkrGOQ',4.6,490,'historic_site',NULL,'Mở cả ngày','2025-11-19 07:14:16',NULL),(61,'Lăng Chủ tịch Hồ Chí Minh','1 Hùng Vương, Điện Biên, Ba Đình, Hà Nội, Việt Nam','https://lh3.googleusercontent.com/gps-cs-s/AG0ilSx7mfO-X_BLoGYwZ82tcdq6GN0K7yi6VrFq17nqvSbnUEySU5YCVlXR2ytQs9_75fJYiiKYLejvqa4V5Thmrcdpdg1Ro53JnXppA6GebHhaxuiNurJjlVipMwgVG5pQhrIdI_rAfw=w163-h92-k-no','https://www.google.com/maps/place/?q=place_id:ChIJF13BXqGrNTERTE3hz8KFDmI','Nơi an nghỉ cuối cùng của Bác Hồ. Thi hài của Chủ tịch Hồ Chí Minh, lãnh tụ nước Việt Nam, được đặt tại lăng mộ và khu di tích lịch sử này.',1,'ChIJF13BXqGrNTERTE3hz8KFDmI',4.5,19781,'tourist_attraction,cemetery,historical_landmark','https://www.bqllang.gov.vn/','Đã đóng cửa · Mở cửa vào 7:30 Th 5','2025-11-19 07:14:16',NULL),(62,'The Flag Tower','FH8J+F26, Imperial City, Thuận Hoà, Huế, Thành phố Huế, Việt Nam','https://lh3.googleusercontent.com/gps-cs-s/AG0ilSyWsK4eQIzJZ7TJM4g7yeDCkTO2jGfYUpKwplBXEzfwDZAj0bzHzmH8rTmZm8sYexVXebAPoU81BZ9ZcUKspIWD4rtR6mcuU9wGrY6tDhElevNL622aWb0A1KcrOxouKhiJAj6v=w145-h92-k-no','https://www.google.com/maps/place/?q=place_id:ChIJQx09yTOhQTERTcTi4I7-Sak',NULL,2,'ChIJQx09yTOhQTERTcTi4I7-Sak',4.6,57,'tourist_attraction,historical_landmark',NULL,'Mở cả ngày','2025-11-19 07:15:36',NULL),(63,'Nghênh Lương Đình','Nghinh Lương Đình, Lê Duẩn, Phú Thuân, Huế, Thành phố Huế, Việt Nam','https://lh3.googleusercontent.com/gps-cs-s/AG0ilSzBnHZHrmxl8yJYId7S037SYi8WiTjl-DxhSV9z3osUYARzEtXst4VchhCfqhvqRPkd_cwlUH2SvrWCC7NdujriGwCqG1IYHRrfQVGGPrHxug0Fv_x6GsxR1HWY8NwOxiTuPvtyZhppLJA=w122-h92-k-no','https://www.google.com/maps/place/?q=place_id:ChIJ6_4QCjKhQTEREYCzzHE9OIk',NULL,2,'ChIJ6_4QCjKhQTEREYCzzHE9OIk',4.8,125,'tourist_attraction',NULL,NULL,'2025-11-19 07:15:36',NULL),(64,'The Hill (Bunker)','83 Huyền Trân Công Chúa, Thủy Biều, Huế, Thành phố Huế, Việt Nam','https://lh3.googleusercontent.com/gps-cs-s/AG0ilSw3MAKj_QRw89DvPFmKYLwA4kRbJbzdmkmk_ku2_dG7tbL1-JMZrg0_mb2-Ij-zee5VrFZlXlEJ6edKAceUT4mLiKtd6xLnVIokXZAz6fucOHl2836XHhWE8wFoowXJGIsNR9Qnjg=w163-h92-k-no','https://www.google.com/maps/place/?q=place_id:ChIJ8QMxaQWkQTERoEfHn0_2BRE',NULL,2,'ChIJ8QMxaQWkQTERoEfHn0_2BRE',4.5,174,'tourist_attraction,historical_landmark',NULL,NULL,'2025-11-19 07:15:36',NULL),(65,'Bảo tàng Cổ vật Cung đình','03 Lê Trực, Phú Hậu, Huế, Thành phố Huế, Việt Nam','https://lh3.googleusercontent.com/gps-cs-s/AG0ilSwHw-aHrSRj2WLrb_qEnmxhh03NnKrwOEWeVCiAuRPB5Eu0Ko_yGIKsJfQ4C7SyPKFFr2MLN8lzXJPf9RCuqggS3lA3SRrliDRJ2TywJ710iBe2MxNfSd8ZrRLNUtfL-5R_aO7i5w=w122-h92-k-no','https://www.google.com/maps/place/?q=place_id:ChIJ7ZePIy6hQTERHP94LYVfeAI','Bảo tàng có đồ gốm, trang phục và hiện vật khác. Bảo tàng lâu đời trưng bày về đồ gốm, vải, tiền xu, trang phục thời nhà Nguyễn và nhiều hiện vật khác.',2,'ChIJ7ZePIy6hQTERHP94LYVfeAI',4.5,1405,'tourist_attraction,museum','http://www.baotangcungdinh.vn/','Đang mở cửa · Đóng cửa vào 17:30','2025-11-19 07:15:36',NULL),(66,'Hoàng Thành Huế','Phú Hậu, Huế, Thành phố Huế, Việt Nam','https://lh3.googleusercontent.com/gps-cs-s/AG0ilSwBPlPy8VhKG3SqtpEhchznxY1Bo2tNNnOppI82ODGHOblH2YylBcU4ha57G3spkia8hH2h0ngnA14tJs-fP4xL8oKgI3Qj4i6x2bvMM-1swsIofIkgdxHxeZ9Rq-YrIe0BbG0=w138-h92-k-no','https://www.google.com/maps/place/?q=place_id:ChIJ-zZHO4GhQTER8_Eb9kDoaEE','Quần thể cung điện tráng lệ từ thế kỷ 19. Hoàng thành cổ từ thế kỷ 19 có cung điện tráng lệ, tường thành, hào bảo vệ, miếu thờ và hơn thế nữa.',2,'ChIJ-zZHO4GhQTER8_Eb9kDoaEE',4.5,20392,'tourist_attraction,cultural_landmark','https://www.ticketcheap.shop/hue-village-tour','Đang mở cửa · Đóng cửa vào 17:30','2025-11-19 07:15:36',NULL),(67,'Lăng Khải Định','Núi, Châu Chữ, quận Thuận Hóa, Thành phố Huế 530000, Việt Nam','https://lh3.googleusercontent.com/gps-cs-s/AG0ilSyebR-GG9AIuo4y-Wn-8Qsd1vmIiM6z25OKsmF-n7mAV23XDaeH-B0ymhyY-nwAFvR_Wv5B_uAASe2--EF24lf3-ObD-muQOhErtSewoD6EHNsM6XPORX31qRraFSHg--AXi_8A=w138-h92-k-no','https://www.google.com/maps/place/?q=place_id:ChIJlyBqsJujQTER6Y6YxlpXTfQ','Lăng mộ hoành tráng của một vị hoàng đế. Lăng mộ của một hoàng đế Việt Nam với kiến ​​trúc phức tạp và các chi tiết trang trí công phu.',2,'ChIJlyBqsJujQTER6Y6YxlpXTfQ',4.5,15154,'tourist_attraction','https://www.ticketcheap.shop/khaidinh','Đang mở cửa · Đóng cửa vào 17:30','2025-11-19 07:15:36',NULL),(68,'Phu Văn Lâu','FH8J+59V, Lê Duẩn, Phú Thuân, Huế, Thành phố Huế, Việt Nam','https://lh3.googleusercontent.com/gps-cs-s/AG0ilSyff6EB3OtYGQI14BwBMbWr9Oae8fMO-osGzb52cNSfM73Cir5GlBnKnynlPwleJDRKT6Q-QTSmjKrV_-39zKag60tlq76FoaxT75xtAvGsgt-wBC7rLIsIYU_bcPwD4nHdMweG=w122-h92-k-no','https://www.google.com/maps/place/?q=place_id:ChIJu6CHTTGhQTERczjdMfgCKvA',NULL,2,'ChIJu6CHTTGhQTERczjdMfgCKvA',4.7,560,'tourist_attraction,historic_site',NULL,'Mở cả ngày','2025-11-19 07:15:36',NULL),(69,'Nhà vườn An Hiên','58 Nguyễn Phúc Nguyên, Hương Long, Huế, Thành phố Huế, Việt Nam','https://lh3.googleusercontent.com/gps-cs-s/AG0ilSwVOIDWVGxfL8WJrwVmmgQ63-8Z-xVwBM77rv6PSSwRvCum_HitNulYo6bDfh9j7cN1Y95fy0pJVj--hYbXbMxH7gVOZLQPvBca9fSXmtDQZCKwW5FT_GSiPf5Hr0GglcdQuJkaDA=w122-h92-k-no','https://www.google.com/maps/place/?q=place_id:ChIJ-Ts5NrymQTERVSAkw3IwbjU',NULL,2,'ChIJ-Ts5NrymQTERVSAkw3IwbjU',4,988,'tourist_attraction','https://www.facebook.com/AnHienGardenHouse','Đang mở cửa · Đóng cửa vào 5:00 Th 5','2025-11-19 07:15:36',NULL),(70,'Tam Tòa','FHCM+GMC, Tống Duy Tân, Phú Hậu, Huế, Thành phố Huế, Việt Nam','https://lh3.googleusercontent.com/gps-cs-s/AG0ilSyAccRl9Foy95bpxrb-u70A3EjplmCdfOLran-hSCx88rjzpvSQ0aUe5cvMpGLinY2Jn3EwROZTIycCcmqamHnXUEy6IwtXEg7lODGyRJhwPyyDV-DX1ePuSWC2TFBuiAs5L-Qv=w122-h92-k-no','https://www.google.com/maps/place/?q=place_id:ChIJC-Py2i-hQTERit5f2do1ewk',NULL,2,'ChIJC-Py2i-hQTERit5f2do1ewk',4.4,23,'tourist_attraction,historic_site',NULL,'Đang mở cửa','2025-11-19 07:15:36',NULL),(71,'Cầu ngói Thanh Toàn','FJ8R+MRX, Thủy Phương, Hương Thủy, Thành phố Huế, Việt Nam','https://lh3.googleusercontent.com/gps-cs-s/AG0ilSxDgHuM46NjW9YP7Du7yxT2eJAiUkPiwjmoIqhCWdlB1ZQi6yOvnW_UzoMPjRcJcdTc-zIxKNN0C9CbHnk72IZPdpQV5c4939OUaMW95ewAI5XN16ORJi0BEUgN7S4aJlQqak_t=w122-h92-k-no','https://www.google.com/maps/place/?q=place_id:ChIJpeT6Hk-hQTERsICw3tN0iZc',NULL,2,'ChIJpeT6Hk-hQTERsICw3tN0iZc',4.6,682,'tourist_attraction',NULL,'Mở cả ngày','2025-11-19 07:15:36',NULL),(72,'Phố cổ Bao Vinh','Phố cổ, 131 Bao Vinh, Hương Vang, Hương Trà, Thành phố Huế, Việt Nam','https://lh3.googleusercontent.com/gps-cs-s/AG0ilSyTVGWdD5XGCHfHdFETb0SxIKCRugKubqzx_xs9jRLWA3zonM9d6SC1LQ4FvqYZmmhLpXrmeuuy_x3DvSTCeDInN3Bhw0sKBr8wUQPD_VR4fwG0slTX8BrWTfAfsnVv_JFoaO7Q=w163-h92-k-no','https://www.google.com/maps/place/?q=place_id:ChIJX87mhB-hQTERNfuOB__I0vE',NULL,2,'ChIJX87mhB-hQTERNfuOB__I0vE',4.4,128,'tourist_attraction',NULL,NULL,'2025-11-19 07:15:36',NULL),(73,'Tiểu đình Thương Bạc','FH9P+664, Trần Hưng Đạo, Phú Hoà, Huế, Thành phố Huế, Việt Nam','https://lh3.googleusercontent.com/gps-cs-s/AG0ilSx4abOJIQm4z83ST0bYVaXsqyU2fQs1Krf6QVQBzRcU8pBpFCI-jFtRmVF2dYw8eA0h1tfHYc8721gnR5GWTs0m52Wze4A4YKDIxJVfX7hcs9vviYvsHJYsT_dpWjJ-Qogh5qy42g=w163-h92-k-no','https://www.google.com/maps/place/?q=place_id:ChIJHWPLozqhQTER9umDDWNoOoU',NULL,2,'ChIJHWPLozqhQTER9umDDWNoOoU',4.3,175,'tourist_attraction,historic_site',NULL,'Đang mở cửa · Đóng cửa vào 21:00','2025-11-19 07:15:36',NULL),(74,'Bảo tàng Hồ Chí Minh','7 Lê Lợi, Vĩnh Ninh, Huế, Thành phố Huế, Việt Nam','https://lh3.googleusercontent.com/gps-cs-s/AG0ilSzgt5O8fQreYsEzNlHdH8Xo5tTEqeCISaXSjxnca9GtGyyUko8vsv8i96VGOUOxY1dB8ZOJCeQs_3lgR9smLqHFTP1g9VEE2EK02u5bdJP_sOuHV_t_KHkByL05ETh1AtcqwP2mag=w80-h106-k-no','https://www.google.com/maps/place/?q=place_id:ChIJqVIC4kmhQTERa4FL9s7VZk0',NULL,2,'ChIJqVIC4kmhQTERa4FL9s7VZk0',4.2,329,'tourist_attraction,museum',NULL,'Đang mở cửa · Đóng cửa vào 16:45','2025-11-19 07:15:36',NULL),(75,'Kinh thành Huế','Huế, Thành phố Huế, Việt Nam','https://lh3.googleusercontent.com/gps-cs-s/AG0ilSzJg745LOwyDYoMJMKHveVGfqGfJMMNjv9J-zXTe5nhKEFIYF4ViiZGfXWGtqMqGbZwzOi0bOjhB8WEzo7rtMzpxmsl6SujZAWQ6rMr7VoJLBok1zzzIpS_EN_MFG-Nh7tFKLGy4g=w122-h92-k-no','https://www.google.com/maps/place/?q=place_id:ChIJPZt-RtOmQTERxAUJSQM5Obw','Hoàng cung trong tử cấm thành. Hoàng cung cổ kính tọa lạc trong quần thể rộng lớn có tường bao quanh của tử cấm thành.',2,'ChIJPZt-RtOmQTERxAUJSQM5Obw',4.5,38204,'tourist_attraction,historic_site','https://www.hueworldheritage.org.vn/','Đang mở cửa · Đóng cửa vào 17:00','2025-11-19 07:15:36',NULL),(76,'Cung An Định','179 Phan Đình Phùng, Phú Nhuận, Huế, Thành phố Huế, Việt Nam','https://lh3.googleusercontent.com/gps-cs-s/AG0ilSyUZKBNPFY4nkNc3X1LSl2VFgDDzeqVYqsJFH05k0NjOAgOLC5QxLtzMuEjNRf7sU4HUu9nAE_0DsA49wEg9p4OLaJ_BRRL2lGpm27_hMjPUQ0WITdp3vFjxNUHMuqfj-YQRopLlA=w138-h92-k-no','https://www.google.com/maps/place/?q=place_id:ChIJ_f52qGqhQTER1DiQ_bSUgM0','Hoàng cung trước đây và hiện là bảo tàng. Cung điện và nơi ở của các vị vua cuối cùng có phòng trưng bày theo thời kỳ được tu bổ & triển lãm mỹ thuật.',2,'ChIJ_f52qGqhQTER1DiQ_bSUgM0',4.5,2672,'tourist_attraction',NULL,'Đang mở cửa · Đóng cửa vào 17:00','2025-11-19 07:15:36',NULL),(77,'Lăng Tự Đức','Cầu Đông Ba, thôn Thượng, Huế, Thành phố Huế 530000, Việt Nam','https://lh3.googleusercontent.com/gps-cs-s/AG0ilSy7mUc-SVMZ0MjGWvLQ5iUr-FHwiNOiMo7kcG7qOfHeq002J4tU7Iwam3jjMgUMuTkYrS6YIZMe62iwTwe-9-Vq9abLcFewcHTv-RMixfhyi-S2W-3LOfaZaHla5ubnXPqo9yIz=w122-h92-k-no','https://www.google.com/maps/place/?q=place_id:ChIJx9bGiwOkQTERDjpyrH8ydlk','Quần thể lăng mộ với cảnh quan đẹp mắt. Quần thể lăng mộ và đền thờ tôn vinh một vị vua thế kỷ 19 với khung cảnh nên thơ và hồ sen.',2,'ChIJx9bGiwOkQTERDjpyrH8ydlk',4.5,9208,'tourist_attraction,historic_site,historical_landmark',NULL,'Đang mở cửa · Đóng cửa vào 17:30','2025-11-19 07:15:36',NULL),(78,'Quan Tượng Đài','FH6C+V87, Đ. Ông Ích Khiêm, Thuận Hoà, Huế, Thành phố Huế, Việt Nam','https://lh3.googleusercontent.com/gps-cs-s/AG0ilSyqc9qMgu-bM7LKR514_JebToZNhWpelCvZPVzkB2DUscX-0LfIEKdj4OHNMPC4FbtYM2veo6kTjBAWyNj4FxJExM6RXP6u9BN1mU8vEfH0ZQHeAN_1_LskD0cnR8EiYRBPpf7XnA=w92-h92-k-no','https://www.google.com/maps/place/?q=place_id:ChIJWylFWcqmQTER8bb2UYw6iys',NULL,2,'ChIJWylFWcqmQTER8bb2UYw6iys',4.4,34,'tourist_attraction,historic_site',NULL,'Đang mở cửa','2025-11-19 07:15:36',NULL),(79,'Tây Thành Thủy Quan','112 Tôn Thất Thiệp, Tây Lộc, Huế, Thành phố Huế, Việt Nam','https://lh3.googleusercontent.com/gps-cs-s/AG0ilSw94-L8o5L7Zoi74k4a8DboYr3cPWbRiMdua4FS1t_Tr38I8c-h9HGtppgBwagUlWkxosuI1yTHiUvtJAx9XnPwAtNOi9n99o8kJ8CmFyaNC5fXQXMz82EoB9gRhGFAbHIq0nf4ww=w122-h92-k-no','https://www.google.com/maps/place/?q=place_id:ChIJc2kXVs6mQTEROqOAdMkGfmY',NULL,2,'ChIJc2kXVs6mQTEROqOAdMkGfmY',4.5,22,'tourist_attraction',NULL,'Mở cả ngày','2025-11-19 07:15:36',NULL),(80,'Kỳ Đài','FH8J+G47, Thuận Hoà, Huế, Thành phố Huế, Việt Nam','https://lh3.googleusercontent.com/gps-cs-s/AG0ilSz25Xap-ucseNxnq2-dYerkJjYmeqXImxB8BBthVWrIkTx1oefV7-RmZqRVFqwqlIoLmtC6_2YIctbwfnGKyKdMmSsehbtZNVYsjI0DuGD_Y-69y3w24E6BTSL8Wua8qnANv4eGiA=w163-h92-k-no','https://www.google.com/maps/place/?q=place_id:ChIJbYXDWDGhQTERSBKt9-VYIjI','Kỳ Đài cao 3 tầng có đài cờ lớn. Kỳ Đài được xây dựng từ thế kỷ 19 bao gồm 3 tầng hình chóp có đài cờ lớn và là nơi đặt các khẩu đại bác.',2,'ChIJbYXDWDGhQTERSBKt9-VYIjI',4.7,881,'tourist_attraction',NULL,'Mở cả ngày','2025-11-19 07:15:36',NULL),(81,'Cửu vị Thần công','FH9J+5FH, P, Huế, Thành phố Huế, Việt Nam','https://lh3.googleusercontent.com/gps-cs-s/AG0ilSzcYKSxIdnZpO2R3XnSOHg6OSS74IeC0DgGyQQumJdKkN5A94z8QkKAQdpWOA_YQiy7xpzdiM3q0llgBMIGedfPdj1MzES4cbgySWTRwHWEPZrxcRX5SO6GuFjSqMEl2OO34kHV=w122-h92-k-no','https://www.google.com/maps/place/?q=place_id:ChIJD6bZdTGhQTERfwVdUFJ06Oc',NULL,2,'ChIJD6bZdTGhQTERfwVdUFJ06Oc',4.5,298,'tourist_attraction',NULL,'Mở cả ngày','2025-11-19 07:15:36',NULL),(82,'Nhà cổ Quân Thắng','77 Trần Phú, Phường Minh An, Hội An, Quảng Nam 560000, Việt Nam','https://lh3.googleusercontent.com/gps-cs-s/AG0ilSyV5j7Ypzg4dviWPOrn3WvC85W0EWk9YZkLqo7M3PG2URQo_fQURJMVeNsDjw9TaAlweR8StQQOfB6alZntI2dnuJJbLi4nlEmajv5f-_nhdCY-j1047LmqwQbIfgr9woQrV2UfqQ=w163-h92-k-no','https://www.google.com/maps/place/?q=place_id:ChIJV548934OQjERd9UtcLGPE_U',NULL,3,'ChIJV548934OQjERd9UtcLGPE_U',4.3,322,'tourist_attraction','https://vietnamnet.vn/chiem-nguong-nha-go-lim-tinh-xao-cua-dai-gia-giau-co-bac-nhat-hoi-an-xua-2391568.html?fbclid=IwdGRleANBpDJleHRuA2FlbQIxMQABHuEiN92Y0GNg9t4PKqbZ3tm9LxydsV52nRX6OzwCj4chshcRq0XKuEmK7nrg_aem_m6cW01Lj4kAw2ZGW274SIg','Đang mở cửa · Đóng cửa vào 19:00','2025-11-19 07:15:41',NULL),(83,'Chùa Cầu','Nguyễn Thị Minh Khai, Phường Minh An, Hội An, Quảng Nam 564010, Việt Nam','https://lh3.googleusercontent.com/gps-cs-s/AG0ilSyQl9v1_LN7BUvWO-MKgeUZ-BvKkxxXA06O90mHWLSgfbYc5pFzCc9EXaXg1x03QTPMQUKY-IleRhh8CXIfPEaRH-tX41jpNYSUZVjDQIl9Xp7wJgJOQ7P9Xy4rgghJSrFmRxMw=w80-h100-k-no','https://www.google.com/maps/place/?q=place_id:ChIJWewCLXwOQjERRkh9adZkWHY','Cây cầu tinh xảo từ những năm 1700. Cây cầu gỗ nổi tiếng từ thế kỷ 18 được chạm khắc tinh xảo và có đường dành cho người đi bộ.',3,'ChIJWewCLXwOQjERRkh9adZkWHY',4.3,26573,'tourist_attraction,bridge,historical_landmark','http://ticketdulich.com/danang-hoian-shuttle','Đang mở cửa · Đóng cửa vào 22:00','2025-11-19 07:15:41',NULL),(84,'Nhà cổ Tấn Ký','101 Nguyễn Thái Học, Phường Minh An, Hội An, Quảng Nam, Việt Nam','https://lh3.googleusercontent.com/gps-cs-s/AG0ilSxSgNVNEjzTghvfe3b74dOyN3SJYx4O5U5_Irj5zYuZo1C1JdgVtrTzUOzkw6yVUzlnMdcMWp4LPPJk9IojAd6jQRlGnnqYTRxdFs7_jr5co-p6P1Nk7zpRHcLPe5o2DVMNWy8y2g=w122-h92-k-no','https://www.google.com/maps/place/?q=place_id:ChIJtW4sYX4OQjERmx0edOBzGio','Tour tham quan ngôi nhà lịch sử có hướng dẫn. Ngôi nhà cổ của thương gia, có từ TK 18 được bảo tồn, nay là nơi tham quan có HDV với các phòng chứa cổ vật & cửa hàng quà tặng.',3,'ChIJtW4sYX4OQjERmx0edOBzGio',4.2,1254,'tourist_attraction,heritage_building','http://www.hoianworldheritage.org.vn/en/news/Monument/Old-House-of-Tan-Ky-11.hwh','Đang mở cửa · Đóng cửa vào 17:30','2025-11-19 07:15:41',NULL),(85,'Nhà cổ Phùng Hưng','4 Nguyễn Thị Minh Khai, Phường Minh An, Hội An, Quảng Nam, Việt Nam','https://lh3.googleusercontent.com/gps-cs-s/AG0ilSzOH2lvdQOVpEZxNNdIuiFWLiIuovrMs1Xza_j6rpDJhxEqvGghMyvGBo2chZtBJ8Ee-aJ-4wHd_HEkamCHyiDrogx-OqmvLMYCqGl83ifbRasToLnOLCwmkyL3LT4yPbEFJcYL=w122-h92-k-no','https://www.google.com/maps/place/?q=place_id:ChIJNRaQNHwOQjERPtxochz_LJE','Căn nhà cổ xưa với nội thất cổ. Căn nhà cổ xưa với nội thất nguyên bản được bảo tồn, có ban công và cửa hàng lưu niệm.',3,'ChIJNRaQNHwOQjERPtxochz_LJE',3.7,531,'tourist_attraction',NULL,'Đang mở cửa · Đóng cửa vào 18:00','2025-11-19 07:15:41',NULL),(86,'Ancient House','104 Thái Phiên, Phường Minh An, Hội An, Quảng Nam 550000, Việt Nam','https://lh3.googleusercontent.com/gps-cs-s/AG0ilSyXZSYsgz4qhZVXan5j5LE2WJ7ezrwUeATT8-OJS00XA7OZuhfVAG4mG85f-XzAFXCMydvCFQaxtPx0XyVgHJc7XIqIzy2YvURezoszoxPtEmRcnmyiNJqwr2QJL77UH7Bu4Ddy=w163-h92-k-no','https://www.google.com/maps/place/?q=place_id:ChIJz1Tj2XsOQjERgauaZJ4HY7o',NULL,3,'ChIJz1Tj2XsOQjERgauaZJ4HY7o',4.4,562,'tourist_attraction',NULL,'Đang mở cửa · Đóng cửa vào 21:00','2025-11-19 07:15:41',NULL),(87,'Hoi An Old Town Sunset Viewpoint','V8GM+76G, Cẩm Nam, Hội An, Quảng Nam, Việt Nam','https://lh3.googleusercontent.com/gps-cs-s/AG0ilSzjP2mx_wvPyPIkYxV0z6Q93u0kl0PDs99of5LEnD1QwaJ1rhG5YPDmCQFS0a_-_bJdkqPKc4Roy2cxaBcBfDO9PH45nNiLo4sFuypNFVErhRLUveTEenTNvT9lxR80p4n0nXwl9SN7Ck3Z=w80-h106-k-no','https://www.google.com/maps/place/?q=place_id:ChIJq4vmSAANQjERXZcJdqx2HhA',NULL,3,'ChIJq4vmSAANQjERXZcJdqx2HhA',5,3,'tourist_attraction','https://hoiandaytrip.com/','Mở cả ngày','2025-11-19 07:15:41',NULL),(88,'Làng mộc Kim Bồng','Việt Nam, Quảng Nam, Tp. Hội An, Cẩm Kim','https://lh3.googleusercontent.com/gps-cs-s/AG0ilSx04qKFfc5fb1OzXGX_qbw07vq5fUIZkLUCIS7F4j0EwlXrRSLhNFij5MP9zw2uie89p2oZe_1S0uLPapxRq-tGtJe_hTmxLtaf-aPkiPJh3RGZBPyhISm1SJeaB9WHzHNMKERxFXESYZ2x=w163-h92-k-no','https://www.google.com/maps/place/?q=place_id:ChIJCd1dxooPQjERnwGkP80bMN0',NULL,3,'ChIJCd1dxooPQjERnwGkP80bMN0',4.6,147,'tourist_attraction',NULL,'Đang mở cửa','2025-11-19 07:15:41',NULL),(89,'The Timeless Hoi An','30C Trần Hưng Đạo, Phường Minh An, Hội An, Quảng Nam, Việt Nam','https://lh3.googleusercontent.com/gps-cs-s/AG0ilSw6yEPHvdWPurVAUevLl8WMqrjIGGbLPZ82v3yfvhHPO7rmW6e7UyrZwMycU_bgQDazL9Ii92BvI0JXhhguR-jgBrGvQTm8AYgvlMND_-KYaXQ1u7S8kjfzuFcS-WsFiqjHi8u5=w122-h92-k-no','https://www.google.com/maps/place/?q=place_id:ChIJa5wzEH8OQjER7HDx0GxD6L4',NULL,3,'ChIJa5wzEH8OQjER7HDx0GxD6L4',4.1,13,'tourist_attraction','http://thetimeless.directory/','Đang mở cửa · Đóng cửa vào 17:00','2025-11-19 07:15:41',NULL),(90,'Cam Kim Island','Chậu Cây Cảnh Phân Đất Vi Sinh, thôn 1, Hội An, Quảng Nam, Việt Nam','https://lh3.googleusercontent.com/gps-cs-s/AG0ilSyy_ITC8pXC6TAs0x3mfPoPkvaB4a-7ZYS_4OiB7sbNZn3j4kpmd4pxBDehmG9orvcnOGvAni4D7YnlmqpMhPzR9D65a-nJbNfVAou0wuqpDpb0zDWyDA5poWF2sVEDZIkYqN6r=w163-h92-k-no','https://www.google.com/maps/place/?q=place_id:ChIJew92MdgPQjER_xtGbehPkcY',NULL,3,'ChIJew92MdgPQjER_xtGbehPkcY',4.6,33,'tourist_attraction',NULL,'Mở cả ngày','2025-11-19 07:15:41',NULL),(91,'Old Town Lantern Boats','Việt Nam, Quảng Nam, Hội An, Minh An, An Hội','https://lh3.googleusercontent.com/gps-cs-s/AG0ilSzdEyqFc5rxT4f1o-xyCWs2zD52KQKxdzVTngxEBZjwEZiToqtyEBUgVBHbTZ_1LF1LU5EyxIshshiirxFvqBb7qiknLLWmaxZXyQ6lfWK-fJzf1LubbD_1IiCe0eaWsDgNdz-L=w175-h92-k-no','https://www.google.com/maps/place/?q=place_id:ChIJA-rrrlAPQjERdvzBmhXhWZc',NULL,3,'ChIJA-rrrlAPQjERdvzBmhXhWZc',4.4,55,'tourist_attraction','http://yzistel.com/',NULL,'2025-11-19 07:15:41',NULL),(92,'Precious Heritage Art Gallery Museum','26 Đường Phan Bội Châu, Cẩm Châu, Hội An, Quảng Nam 560000, Việt Nam','https://lh3.googleusercontent.com/gps-cs-s/AG0ilSx-48LF1vVvH_d6NPOchZmvHG_MeQDojvmuOKPNY0ujpLGG9PNweBvcSGsEg1lOUiXTELMP1dHh0RBbPGoDkI-mEkeGIXQgJ9o5fHuQ3v2BWw1z0j0P_sLaM0ruRc1HUYTantwC=w163-h92-k-no','https://www.google.com/maps/place/?q=place_id:ChIJYZyytdUNQjERLxS6JetDlfA',NULL,3,'ChIJYZyytdUNQjERLxS6JetDlfA',4.9,4265,'tourist_attraction,art_gallery,cultural_center,heritage_museum,museum','https://www.rehahnphotographer.com/precious-heritage-museum/','Đang mở cửa · Đóng cửa vào 20:00','2025-11-19 07:15:41',NULL),(93,'Hoi An Village Experience','Cẩm Thanh, Hội An, Quảng Nam, Việt Nam','https://lh3.googleusercontent.com/gps-cs-s/AG0ilSxvqqzrZUOBhFMcGwLF_kBWYieYwvgKAaydBk5D24MWOfcC86kBr-_hj4kKb3XDnjAwm2wi_Bsxp4NVdGCf5hTteYHSXmaIiqioEKCTnaEqWNnxNzM-JFowzqgFw_UBcU74LRoS=w122-h92-k-no','https://www.google.com/maps/place/?q=place_id:ChIJSdxJLvUNQjERn91oBKDKmgw',NULL,3,'ChIJSdxJLvUNQjERn91oBKDKmgw',4.9,17,'tourist_attraction','http://www.hoianvillageexperience.com/','Đang mở cửa · Đóng cửa vào 20:00','2025-11-19 07:15:41',NULL),(94,'Làng lụa Hội An','28 Nguyễn Tất Thành, Tân An, Hội An, Quảng Nam, Việt Nam','https://lh3.googleusercontent.com/gps-cs-s/AG0ilSxJKiuh_2VjxvQw1gKz1_QGRl7XPvt9H01HoYTfq4D6shLZkXMtJYFv2C_uUuCp9aqMjQ8sbpBZ_O7SFWjbegTu5JaAglQuQK4SRpYp3UYOl2MTgz4OcIZE4EC0N_ls0_90omDL=w122-h92-k-no','https://www.google.com/maps/place/?q=place_id:ChIJWRDF7W8OQjERx3nwjhecy9M','KS tinh tế có khu trưng bày lụa dệt. Khách sạn thanh lịch có bể bơi ngoài trời, nhà hàng nổi và xưởng dệt lụa.',3,'ChIJWRDF7W8OQjERx3nwjhecy9M',4.3,2986,'tourist_attraction','http://www.hoiansilkvillage.com/','Đang mở cửa · Đóng cửa vào 16:00','2025-11-19 07:15:41',NULL),(95,'Song Hai Square','2 Đường Cao Hồng Lãnh, Phường Minh An, Hội An, Quảng Nam, Việt Nam','https://lh3.googleusercontent.com/gps-cs-s/AG0ilSylCs371KpdUpNZ0SEE0XYW9AVNAVhY-lWtGXJRAQRttj8kY3SaVR21HcS0QxOC3SiKFNGyl81BnrIYzaSLfyNi_DoTprz74vJHDOxnuTNzCpWFMMdHXV7X8SYDEXTGLrBC48gfIg=w122-h92-k-no','https://www.google.com/maps/place/?q=place_id:ChIJcaKq9iYPQjERAwMj50ecbh4',NULL,3,'ChIJcaKq9iYPQjERAwMj50ecbh4',4.6,23,'tourist_attraction',NULL,NULL,'2025-11-19 07:15:41',NULL),(96,'Phố cổ Hội An','94 Đ. Bạch Đằng, Phường Minh An, Hội An, Quảng Nam, Việt Nam','https://lh3.googleusercontent.com/gps-cs-s/AG0ilSyrOWHqXYV0GOCJltQrXCubfZxJvkpSg5hghBVrIKuiE_0VXHZoPTPcKtaLUYlU3MBGb8Re9JimxEo72mjs8q0oz6paaxOj1LUSoBpBic9cGG3vrkTC8mq41pMiQJe0r62e68jA=w122-h92-k-no','https://www.google.com/maps/place/?q=place_id:ChIJ897x3ZAPQjER5-xlS8XyP68',NULL,3,'ChIJ897x3ZAPQjER5-xlS8XyP68',4.7,2648,'tourist_attraction','https://www.hoianroots.com/','Mở cả ngày','2025-11-19 07:15:41',NULL),(97,'Hoi An sculpture promenade','V8GF+HMQ, An Hội, Hội An, Quảng Nam, Việt Nam','https://lh3.googleusercontent.com/gps-cs-s/AG0ilSw7Xj-oaNigWs8tkGKK1JsGoD-zXOkLtmL3FcYVTLC_qOohYM11vmttHymAa5_atlOsMKJEJ5TKO_dExWhzfy41Co_iTXKxapg8vm3csotBuCZx_3n6h6-uNEjrcO6v4PBa_G6i=w112-h92-k-no','https://www.google.com/maps/place/?q=place_id:ChIJgYngPTgPQjERhSXS9rcO4iw',NULL,3,'ChIJgYngPTgPQjERhSXS9rcO4iw',4,75,'tourist_attraction',NULL,NULL,'2025-11-19 07:15:41',NULL),(98,'Bảo Tàng Hội An','10b Trần Hưng Đạo, Phường Minh An, Hội An, Quảng Nam, Việt Nam','https://lh3.googleusercontent.com/gps-cs-s/AG0ilSzxexNTEcxwdCN7XcJaBQuoB24hviEKbwaN2cH8UEGb3S999M-nrB6Df1VOIeLYotxpZwf2pYSOtrjIWmYRsxKllkyDaoAn6f1kzponFCtmfJstmjhiwv0TqT3M9ujFv8MtxuLbHQ=w80-h106-k-no','https://www.google.com/maps/place/?q=place_id:ChIJ-ZrBZ7sPQjERPUCqNK7c0Ng',NULL,3,'ChIJ-ZrBZ7sPQjERPUCqNK7c0Ng',4.2,244,'museum','http://hoianmuseum.com/','Đang mở cửa · Đóng cửa vào 17:00','2025-11-19 07:15:41',NULL),(99,'Thu Bồn River','Mr Johnny, Huỳnh Phúc Khánh/Cầu 18 Tháng 8, Phường Minh An, Hội An, Quảng Nam, Việt Nam','https://lh3.googleusercontent.com/gps-cs-s/AG0ilSz89e6uRT_vHcbceE6eqrRelptw1AnGcZuSAKEq5UtW4jea5lTLmbS7vLfs9EoJVDt7HCFQOTngnOGLbB2Mhbu7g_zZjR3ToG2u75E_5AEXwXiNosAPngTM5PawETaBEEL9jgYqpksA92A=w122-h92-k-no','https://www.google.com/maps/place/?q=place_id:ChIJnfMm2BcPQjERjM-chdEObYs',NULL,3,'ChIJnfMm2BcPQjERjM-chdEObYs',4.7,61,'tourist_attraction',NULL,'Mở cả ngày','2025-11-19 07:15:41',NULL),(100,'Nhà thờ tộc Nguyễn Tường ( Phái Nhất)','8 Nguyễn Thị Minh Khai, Phường Minh An, Hội An, Quảng Nam, Việt Nam','https://lh3.googleusercontent.com/gps-cs-s/AG0ilSzxYaESLWrtVLtnQ_KsnQQVkbO94LduQ9DTREtJiMH4tl7mYwCgAknT7tkvK8Ycj1J736J1KJu3KeGLGu8NIltG9I46N1lsQ-vaQwlatOtT2Q1CLrIB9GCZG02qUpjfmcAEQy2FUw=w122-h92-k-no','https://www.google.com/maps/place/?q=place_id:ChIJM-UXjXwOQjERgwfAhK9UjrU',NULL,3,'ChIJM-UXjXwOQjERgwfAhK9UjrU',4.4,72,'tourist_attraction','http://www.orientalarchitecture.com/vietnam/hoian/nguyen-tuong_hall.php','Đang mở cửa · Đóng cửa vào 21:00','2025-11-19 07:15:41',NULL),(101,'Bảo tàng Văn hóa Sa Huỳnh','149 Trần Phú, Phường Minh An, Hội An, Quảng Nam, Việt Nam','https://lh3.googleusercontent.com/gps-cs-s/AG0ilSy0lAHFRtmbM1zjU-gStKwQyQCHD9q52Ld4tOyI0_YPpSwu3X-8jNs4hx7McMyrzRUlAJLH6DDl4u2oeZa9aJ1lPwTvFowLUDuae6GBDyWe8ecuPt8gu_f15yBzAJ7Ne8iB4i-w=w80-h106-k-no','https://www.google.com/maps/place/?q=place_id:ChIJJd7Es1PKaTERoUpPUR0SRUo',NULL,3,'ChIJJd7Es1PKaTERoUpPUR0SRUo',3.7,71,'heritage_museum',NULL,'Đang mở cửa · Đóng cửa vào 17:00','2025-11-19 07:15:41',NULL),(102,'Bảo tàng Chứng tích Chiến tranh','Phường 6, Quận 3, Thành phố Hồ Chí Minh 700000, Việt Nam','https://lh3.googleusercontent.com/gps-cs-s/AG0ilSyCz4kkPWZOzWdAAPKmhhBm7XGa72Ac-SnFDGNCZ1TJb-uemZonit9Ns95HKvJya6wi4oLKEkrceJbWMekgwU_9qcQqMATIpXap9UOTwXZKxDyLdez3vAEQid9YJICFJidjsqn6uw=w80-h106-k-no','https://www.google.com/maps/place/?q=place_id:ChIJzwg3ojAvdTERqnQUK99K2Xw','Nơi trưng bày quân khí & ảnh về quân đội. Bảo tàng tưởng niệm trưng bày các bức ảnh, vũ khí & vật phẩm khác từ các cuộc chiến tại Việt Nam & Đông Dương.',4,'ChIJzwg3ojAvdTERqnQUK99K2Xw',4.5,39856,'tourist_attraction,local_history_museum,museum,war_museum','https://baotangchungtichchientranh.vn/','Đang mở cửa · Đóng cửa vào 17:30','2025-11-19 07:15:45',NULL),(103,'Dinh Độc Lập','Phường Bến Thành, Quận 1, Thành phố Hồ Chí Minh, Việt Nam','https://lh3.googleusercontent.com/gps-cs-s/AG0ilSzpMakxgp27P71V__UJrUazVe64I4Ektqv4830oBSXXFQLZl9gc_RUUFuL3OFVHKRQyVRkdmQwmWb03GhvAQDC5eUeyCt_Cc-w9ZB3hEDVaJLHrcP8EC5i5NEKRFiUtdHwxC_Y=w122-h92-k-no','https://www.google.com/maps/place/?q=place_id:ChIJL0dwVTgvdTERao3t8B1Jhxc','Cơ quan đầu não của chính phủ thời chiến. Di tích lịch sử về chiến tranh Việt Nam cho phép tham quan văn phòng chính phủ, phòng chỉ huy và hiện vật.',4,'ChIJL0dwVTgvdTERao3t8B1Jhxc',4.5,43266,'tourist_attraction,historical_landmark,museum','https://www.dinhdoclap.gov.vn/','Đang mở cửa · Đóng cửa vào 15:30','2025-11-19 07:15:45',NULL),(104,'Bảo tàng Tôn Đức Thắng','5 Tôn Đức Thắng, Phường Sài Gòn, Quận 1, Thành phố Hồ Chí Minh, Việt Nam','https://lh3.googleusercontent.com/gps-cs-s/AG0ilSzMt6AMBM9s0pAeuJ4a8-11VHmfwv_E1d1ufg4Ghj1sJZaayR6e_l9hX4szcCS_K4Mm2y_c3z7-3G65NBUPQyhHslR0N4PqxywlpFLpNNtlKK6heeQDyfUJGXtFgG4bnLoHWVEg=w122-h92-k-no','https://www.google.com/maps/place/?q=place_id:ChIJ9aHU7UUvdTERwvaHOXtRzVI','Nơi triển lãm chính khách nổi tiếng người Việt. Thành lập năm 1988, bảo tàng có phòng trưng bày giới thiệu về cuộc đời của Chủ tịch Tôn Đức Thắng.',4,'ChIJ9aHU7UUvdTERwvaHOXtRzVI',4.5,1188,'tourist_attraction,museum','https://baotangtonducthang.vn/','Đang mở cửa · Đóng cửa vào 17:00','2025-11-19 07:15:45',NULL),(105,'French Style Architecture Street','74 Lê Công Kiều, Phường Nguyễn Thái Bình, Quận 1, Thành phố Hồ Chí Minh, Việt Nam','https://lh3.googleusercontent.com/gps-cs-s/AG0ilSyEJOeJs_j-7Yezl5cz6WFuF_HfvrUYgowTKFLGi04KcaN3OqEZ7yWL0Aun19hFGBm9h7_wCTTebbX4fcIa118MymdqvDgF1cW3xjhefnlX2VVAeMY5ot8vBE3d3uIedfuF22kIz0ffYwxy=w122-h92-k-no','https://www.google.com/maps/place/?q=place_id:ChIJ_w_tY0AvdTERUJ_T6u1DlGY',NULL,4,'ChIJ_w_tY0AvdTERUJ_T6u1DlGY',4,46,'tourist_attraction',NULL,NULL,'2025-11-19 07:15:45',NULL),(106,'Nguyễn Văn Hảo building','Vietnam/1 Yersin, Phường Phạm Ngũ Lão, Quận 1, Thành phố Hồ Chí Minh, Việt Nam','https://lh3.googleusercontent.com/gps-cs-s/AG0ilSzAr_m9TaihMlOuoIpRKKMvfvw0ueTULtXuGHqxSlnyLbdu5PEzqoOsP4uiXBiDuH91pERzpEB0OrqYm7og35fz38Erre45xlJ8d9uJ_svXalPzQ274L2VTLpRtu2mTVWE8sByK=w138-h92-k-no','https://www.google.com/maps/place/?q=place_id:ChIJu5RzSj4vdTEReSYtogsLTlY',NULL,4,'ChIJu5RzSj4vdTEReSYtogsLTlY',4.1,26,'tourist_attraction,historical_landmark',NULL,'Đang mở cửa · Đóng cửa vào 16:00','2025-11-19 07:15:45',NULL),(107,'Bảo tàng Lịch sử Thành phố Hồ Chí Minh','2 Nguyễn Bỉnh Khiêm, Bến Nghé, Quận 1, Thành phố Hồ Chí Minh, Việt Nam','https://lh3.googleusercontent.com/gps-cs-s/AG0ilSwH0jWDj1GiAk0gYuVhBcGA6q5y7BzSGpk15G1_yQ3z9M-3jr7RWVp3ffrQONZtMG6SV9qxGs4J9Q-2EiAdOo9pOjDpqvXylowTDaoxx_j1oC-hMRyTSn-YM7cDGIzjqk8vPLvU=w92-h92-k-no','https://www.google.com/maps/place/?q=place_id:ChIJ5fqrRUsvdTERlfW0JX8JGyU','Bảo tàng lịch sử Việt Nam rộng lớn. Quần thể rộng lớn kiểu Trung Hoa có các hiện vật và tác phẩm nghệ thuật Việt Nam từ thời tiền sử đến hiện đại.',4,'ChIJ5fqrRUsvdTERlfW0JX8JGyU',4.5,3870,'history_museum,museum','https://www.baotanglichsutphcm.com.vn/','Đang mở cửa · Đóng cửa vào 17:00','2025-11-19 07:15:45',NULL),(108,'Tượng Chủ tịch Hồ Chí Minh','110 Nguyễn Huệ, Bến Nghé, Quận 1, Thành phố Hồ Chí Minh, Việt Nam','https://lh3.googleusercontent.com/gps-cs-s/AG0ilSxuoDeHWeTGlChLOxpCtoqiOkEWyup_1lLCewC3mUHfWjWLtlTnyM1KN_UHPC0Zsl0hy0FphByHsue881z3hT-FKLso_l0_rDcno7fnYexuMff_ou7dUYVe7jM-gGl4B7D8XQsY_w=w163-h92-k-no','https://www.google.com/maps/place/?q=place_id:ChIJlbodo0cvdTER54riaI9uWl0',NULL,4,'ChIJlbodo0cvdTER54riaI9uWl0',4.6,4810,'tourist_attraction,sculpture','http://mapinfo.vn/','Mở cả ngày','2025-11-19 07:15:45',NULL),(109,'Nguyễn Thiện Thuật Town','QM9H+H4H, Hẻm 145/12 Nguyễn Thiện Thuật, Phường 1, Quận 3, Thành phố Hồ Chí Minh, Việt Nam','https://lh3.googleusercontent.com/gps-cs-s/AG0ilSxC9hh4pIbemJcUsFnT_6byOnuomJ7mSdssx6Hwb62JgksryZ99j75Uc4HPLL208-nmDq2vLLiXTUnXJ7eWLxylHZ3YvjaYzoH89AR7JsutyWamkz14PMIkYrv4YyCTwO8g3Cj8TLT83PGf=w92-h92-k-no','https://www.google.com/maps/place/?q=place_id:ChIJ1Q6jAQAvdTERP_yo92uutUo',NULL,4,'ChIJ1Q6jAQAvdTERP_yo92uutUo',4.4,25,'tourist_attraction',NULL,NULL,'2025-11-19 07:15:45',NULL),(110,'Địa đạo Phú Thọ Hòa','139 Đ. Phú Thọ Hòa, Phú Thọ Hoà, Tân Phú, Thành phố Hồ Chí Minh, Việt Nam','https://lh3.googleusercontent.com/gps-cs-s/AG0ilSzLiMxY-taFjQ3A-EJcUVHfnAXMmmkygCzfUZ2a1kymCwZG3cwSiS-xzTB5Aw2rmWKv8BMUiJbUsy4nWxea-C3_bvsbx6DjmqhXG04y5F4cmZRNL9sehooAm9LodaSlhde6nC12=w80-h106-k-no','https://www.google.com/maps/place/?q=place_id:ChIJYyEmRKgudTEReHDoA6QyCRw',NULL,4,'ChIJYyEmRKgudTEReHDoA6QyCRw',4.2,305,'tourist_attraction,historic_site,historical_landmark',NULL,'Đang mở cửa · Đóng cửa vào 17:00','2025-11-19 07:15:45',NULL),(111,'Bùng Binh Cây Liễu','4 Bùng binh Cây Liễu, Bến Nghé, Quận 1, Thành phố Hồ Chí Minh, Việt Nam','https://lh3.googleusercontent.com/gps-cs-s/AG0ilSyQ_XchCxVJFhL1_lbSf3nOiahM_UCr18GjTK4O-JG_63iNH65NVz6UO6i2h_Gl76rssw7mN_YK5O_u5UMujVM_Rh0c6ntKfkXMq8glc5vfISy7os7BrAPXXJgFZ811OMMo5HlDkkhUV7GR=w80-h106-k-no','https://www.google.com/maps/place/?q=place_id:ChIJ5f7sPQAvdTERDrsW3r1ieWM',NULL,4,'ChIJ5f7sPQAvdTERDrsW3r1ieWM',4.8,34,'tourist_attraction',NULL,NULL,'2025-11-19 07:15:45',NULL),(112,'Saigon Skydeck','36 Hồ Tùng Mậu, Bến Nghé, Quận 1, Thành phố Hồ Chí Minh, Việt Nam','https://lh3.googleusercontent.com/gps-cs-s/AG0ilSwi9dDmTTZnc7tbe_T-RWt3Y_x17R8EBtJIs88sBRL96jgnCDPoxLyMx9WT_J1REKNeZcY0j-4olm-fbcZp7z9j0jtEX0uJGX5b7DtX8XE6WVyfCgitjxiUuG-NFPlize_rhugf=w80-h106-k-no','https://www.google.com/maps/place/?q=place_id:ChIJVZKCP0EvdTERfHvs6AfGjok','Đài quan sát ốp kính nhìn ra cảnh đẹp. Đài quan sát ốp kính, nằm trên tầng 49 của tòa nhà Bitexco Financial Tower và nhìn ra cảnh quan đẹp mắt.',4,'ChIJVZKCP0EvdTERfHvs6AfGjok',4.4,12050,'tourist_attraction,observation_deck','https://ticket-stations.com/saigon-skydeck-bitexco','Đang mở cửa · Đóng cửa vào 21:30','2025-11-19 07:15:45',NULL),(113,'Bảo tàng Thành phố Hồ Chí Minh','65 Lý Tự Trọng, Bến Nghé, Quận 1, Thành phố Hồ Chí Minh, Việt Nam','https://lh3.googleusercontent.com/gps-cs-s/AG0ilSyPBqNvK0PcGiS51hV4utA-cJzWjLm9lumLmvVCfiambSEr8vR8h53HyReYCxyVh6yIRevOD4qjnraikfCpc57hL1E4zyJev0ABhw-FqNL2y5lrieLx0f10kANwdGlco_x1FoEz=w80-h106-k-no','https://www.google.com/maps/place/?q=place_id:ChIJlel-En4vdTERc64rKNBbyy0',NULL,4,'ChIJlel-En4vdTERc64rKNBbyy0',4.2,2580,'local_history_museum,history_museum,museum','https://hcmc-museum.edu.vn/','Đang mở cửa · Đóng cửa vào 17:00','2025-11-19 07:15:45',NULL),(114,'Hầm Vũ Khí Bí Mật Secret Weapon Cellar','287/70 Nguyễn Đình Chiểu, Phường 5, Quận 3, Thành phố Hồ Chí Minh, Việt Nam','https://lh3.googleusercontent.com/gps-cs-s/AG0ilSyiGk0nhWPRiVej04DLE7v3SEhfSgfbqL7V3NGOdIj04W6Led_iDA0VFfr4QUKzhRKTbVG0Puo-yeEI_JOaG0wskbCtLJd1bykK2KnTHHFHO4VGxAGfnbwYMARo2SJk8pgZsIexrw=w122-h92-k-no','https://www.google.com/maps/place/?q=place_id:ChIJVeGsQ2AvdTERIRISmTBVUhs',NULL,4,'ChIJVeGsQ2AvdTERIRISmTBVUhs',4.6,134,'historical_landmark',NULL,'Đang mở cửa · Đóng cửa vào 17:00','2025-11-19 07:15:45',NULL),(115,'Đài tưởng niệm Bồ tát Thích Quảng Đức','185 Cách Mạng Tháng Tám, Phường 6, Quận 3, Thành phố Hồ Chí Minh, Việt Nam','https://lh3.googleusercontent.com/gps-cs-s/AG0ilSwp477rpZoSY9YyVnHlOPPE-YLYOp6615h-ZRk2ob5qBN4iihp1EN0hkon5ERHZVopynh0yDVdjfPGmJ5pNxkrHaU304Ijz2DsLLr2FeI5JX4EY1z3wOfDm9MJiuwW7oc92gL1a_w=w138-h92-k-no','https://www.google.com/maps/place/?q=place_id:ChIJ97UHLTsvdTERfuEsTET56l4','Đài tưởng niệm yên bình tôn vinh nhà sư. Đài tưởng niệm yên bình tôn vinh vị nhà sư, biểu tượng của tâm linh, hy sinh bản thân vì bình đẳng tôn giáo.',4,'ChIJ97UHLTsvdTERfuEsTET56l4',4.7,1315,'tourist_attraction,monument',NULL,'Mở cả ngày','2025-11-19 07:15:45',NULL),(116,'Tượng Đức Thánh Trần Hưng Đạo','QPG4+4HH, Công trường Mê Linh, Bến Nghé, Quận 1, Thành phố Hồ Chí Minh, Việt Nam','https://lh3.googleusercontent.com/gps-cs-s/AG0ilSxXJybzxK95Bc2E8cSbfjdLpsfyaPKOuyYiYBGztbSRSgTWcDwTCy641v5P7S83Ww-G4wAy5x7Xuin6-9qBmhWbCvU1-shWeAe6DbsPTbEDYLbFbOQAxr5SFcvdWeLaYH1FNECZ=w163-h92-k-no','https://www.google.com/maps/place/?q=place_id:ChIJjzdozUUvdTERBJygjfRvnhQ','Pho tượng nhà lãnh đạo quân sự lịch sử. Tượng nằm trên bệ đỡ, có hào nước bao quanh, khắc họa vị tướng quân sự nổi tiếng của thế kỷ 13.',4,'ChIJjzdozUUvdTERBJygjfRvnhQ',4.5,890,'tourist_attraction,monument',NULL,'Mở cả ngày','2025-11-19 07:15:45',NULL),(117,'Bến Nhà Rồng - Bảo tàng Hồ Chí Minh','1 Đ. Nguyễn Tất Thành, Phường 13, Quận 4, Thành phố Hồ Chí Minh, Việt Nam','https://lh3.googleusercontent.com/gps-cs-s/AG0ilSwAcn971X8UawAHP6FSVXsFIEh5AMZphnvZmhn-a0tXbBkXrnzXSkusgK5XRxLi3SZwhAhvg0lyLktBUaQSYRl1DrJd_Cx38d7HMeJdKR_DBPKBfMJ66t1skm55hUkGcM3xWMQ=w138-h92-k-no','https://www.google.com/maps/place/?q=place_id:ChIJFTI64MIvdTERjmiEbXdrb00',NULL,4,'ChIJFTI64MIvdTERjmiEbXdrb00',4.7,1820,'history_museum','http://bennharong.vn/','Đang mở cửa · Đóng cửa vào 17:00','2025-11-19 07:15:45',NULL),(118,'Former Norodom Palace','108 Nguyễn Du, Phường Bến Thành, Quận 1, Thành phố Hồ Chí Minh, Việt Nam','https://lh3.googleusercontent.com/gps-cs-s/AG0ilSxdNC2GoMimulAMUwLDoD5yH9OsGUxVfEumVxv-ba2XBv9uqene4dzFCtmz40vFytlSUAJZvdM9OOD7djgkS54zGvSDTcCXeE_tNrtoR24wYA5ejVKIkjzQo9Rk36BBWZVtF7j79A=w122-h92-k-no','https://www.google.com/maps/place/?q=place_id:ChIJKyHEz38vdTERYxYSnZPgf4Q',NULL,4,'ChIJKyHEz38vdTERYxYSnZPgf4Q',4.6,52,'historical_landmark',NULL,NULL,'2025-11-19 07:15:45',NULL),(119,'Bảo tàng Y học Cổ truyền Việt Nam','41 Hoàng Dư Khương, Phường 12, Quận 10, Thành phố Hồ Chí Minh, Việt Nam','https://lh3.googleusercontent.com/gps-cs-s/AG0ilSxgCteuwMS9uT8sD74lPFcoYWHK2e1jw-wLGMKMStx7ahvIazADRASOoPyCRQHBijbKjIIkNVfgcFsq-sLkwaolbZAFSEfaeXVEJyvYpYp5uKqZHwi4sGtYG0jSHg1K1kJSXYiX=w122-h92-k-no','https://www.google.com/maps/place/?q=place_id:ChIJC044E9kudTERi2Ozcof-Was','Bảo tàng y dược học cổ truyền. Y học cổ truyền Việt Nam là trọng tâm của bảo tàng chiết trung này với một nhà thuốc tái hiện lại.',4,'ChIJC044E9kudTERi2Ozcof-Was',4.5,1752,'tourist_attraction,museum','http://fitomuseum.com.vn/','Đang mở cửa · Đóng cửa vào 17:00','2025-11-19 07:15:45',NULL),(120,'Bảo tàng Phụ nữ Nam bộ','202 Võ Thị Sáu, Phường Võ Thị Sáu, Quận 3, Thành phố Hồ Chí Minh, Việt Nam','https://lh3.googleusercontent.com/gps-cs-s/AG0ilSy4PmCSr3q_OJGwL2X9K3B-pGgdo8xKv8MHc5RA_MQwtjHymUuhkJc2JxU6O7FFj42_fkMKRmbM1GJ3dgThNqbmUiPREH8FbbE9tLe13W_bPMfhK3XY0vU3vJCfBFWYdeu-9um1=w122-h92-k-no','https://www.google.com/maps/place/?q=place_id:ChIJeRlYAi4vdTER3jGsVpoCAZQ','Bảo tàng văn hóa tôn vinh phụ nữ Việt Nam. Bảo tàng lịch sử tôn vinh phụ nữ Việt Nam qua các buổi triển lãm về quần áo, tranh ảnh và hiện vật.',4,'ChIJeRlYAi4vdTER3jGsVpoCAZQ',4.4,846,'tourist_attraction,museum','http://www.baotangphunu.com/','Đang mở cửa · Đóng cửa vào 17:30','2025-11-19 07:15:45',NULL),(121,'Bảo tàng Dinh Độc Lập','106 Nguyễn Du, Phường Bến Thành, Quận 1, Thành phố Hồ Chí Minh 700000, Việt Nam','https://lh3.googleusercontent.com/gps-cs-s/AG0ilSyXxQFKo96EhcrItiv8c5o7mKooqbKcaUJdv5vudk8m1zq8M08hRS81OSGs0ftED8-FT7TlBgQHOtsCEuaD_P9eG5d7LSGB0g9F-iu8PEb6yYpnmfUsdUeFSsqgVniIa3rLrFdx-zfsZEk=w122-h92-k-no','https://www.google.com/maps/place/?q=place_id:ChIJ-fLLTzgvdTERvxTs3F2aBCE',NULL,4,'ChIJ-fLLTzgvdTERvxTs3F2aBCE',4.7,30,'museum','https://trungbay.dinhdoclap.gov.vn/',NULL,'2025-11-19 07:15:45',NULL),(122,'Cố đô Hoa Lư','Trường Yên, Hoa Lư, Ninh Bình, Việt Nam','https://lh3.googleusercontent.com/gps-cs-s/AG0ilSzw_YX-3DZREKwJbyCx0UnGTiaoXC7dvHlnvwTMspDPK3hz9VxTPiIGc092hV3_F8ueyY1ysD9vxTwn0yyW17cICYaIP4edMGlORnc3jeQHoXDNpGrPJ7V7o0X92-_RaJ7xYztWQA=w122-h92-k-no','https://www.google.com/maps/place/?q=place_id:ChIJb0Y7QRN5NjER5x5tV30Zcws','Cố đô với đền thờ & pháo đài. Cố đô từ thế kỷ thứ 10 với nhiều di tích đền thờ & pháo đài.',5,'ChIJb0Y7QRN5NjER5x5tV30Zcws',4.2,10482,'tourist_attraction','https://ticket-stations.com/ninh-binh-day','Đang mở cửa · Đóng cửa vào 17:00','2025-11-19 07:15:50',NULL),(123,'Hang Múa','6WJQ+C43, Ninh Nhật, Hoa Lư, Ninh Bình, Việt Nam','https://lh3.googleusercontent.com/gps-cs-s/AG0ilSwkVf2L5Z822b-oe5szjZgeOjyT9fJ-5WEm_i1_hQZTrwh0oJxaJ6IaQ12nDBlxIlfFAJ4nuJ9BtOa4xvr4m72hmGDa6qrtkYajwetC_1G80lEeveYvZfLPEgekMI9mFV25A3MKipxswA4s=w163-h92-k-no','https://www.google.com/maps/place/?q=place_id:ChIJB89j-xp7NjERo9aySQ7Ikh0',NULL,5,'ChIJB89j-xp7NjERo9aySQ7Ikh0',4.6,2173,'tourist_attraction','https://ticket-stations.com/majestic-trang-an-tour-hanoi','Đang mở cửa · Đóng cửa vào 18:00','2025-11-19 07:15:50',NULL),(124,'Buffalo Cave','6WFF+CG, Ninh Hải, Ninh Bình, Việt Nam','https://lh3.googleusercontent.com/gps-cs-s/AG0ilSy5pP4CLWoXJCfC6mOx1THBMrlIaS82d9eZ8Opnu13hAB3WrpSpX-wqKds5LboD6pkxM-anDSBmuk46U1YrJ7Zhr8IAjOGe3yTNleh6xKS1j0nQgil9ZhNWSsoQD3Jwul_Csnk=w122-h92-k-no','https://www.google.com/maps/place/?q=place_id:ChIJv-w4rAF7NjERo1vm1VYnz4U',NULL,5,'ChIJv-w4rAF7NjERo1vm1VYnz4U',4.3,1138,'tourist_attraction',NULL,'Đang mở cửa · Đóng cửa vào 18:00','2025-11-19 07:15:50',NULL),(125,'Ninh Binh Tours - Authentic Adventures','Tam Coc Rd, Đam Khê Trong, Hoa Lư, Ninh Bình, Việt Nam','https://lh3.googleusercontent.com/p/AF1QipNIU2wAsAdwUrz-HmMaAmKnbBWw2lEWB510jnaL=w122-h92-k-no','https://www.google.com/maps/place/?q=place_id:ChIJfxjCgwd7NjERVfhlVmUvw1o',NULL,5,'ChIJfxjCgwd7NjERVfhlVmUvw1o',4.6,23,'tourist_attraction','https://authenticadventure.com.vn/','Mở cả ngày','2025-11-19 07:15:50',NULL),(126,'Đền Tràng An Cổ','7WF6+835, Trường Yên, Hoa Lư, Ninh Bình, Việt Nam','https://lh3.googleusercontent.com/gps-cs-s/AG0ilSwiBNRafvw0w9JNphqmpU5c0bdIOn6RlWhDA98rQe8Mfdd8WpCeNXpHDK7azaWJpMaB4ykNhExIbrIHn5ctqvBPDXaKrYY-lZNz7ViYLeWdYPe6cAXdZHIHhoYP0x4ysC5rHEZNug=w80-h160-k-no','https://www.google.com/maps/place/?q=place_id:ChIJFaWs6W95NjER4wiJoW5W5UY',NULL,5,'ChIJFaWs6W95NjER4wiJoW5W5UY',4.5,608,'tourist_attraction,place_of_worship',NULL,'Đang mở cửa · Đóng cửa vào 19:00','2025-11-19 07:15:51',NULL),(127,'Tam Cốc - Bích Động','Ninh Hải, Hoa Lư, Ninh Bình, Việt Nam','https://lh3.googleusercontent.com/gps-cs-s/AG0ilSzgodSi99GRASx9fTw_AFP0pAiEZNWSMOJ8Da2fZP1O8uvMS28ahM3e9m4blT4SIoFv8sOYC0SZlU5qPDgAssITqsJkE0g09QDReTzChJg8emOUAqn8ABkz0cvaQilutPCtgm55wg=w163-h92-k-no','https://www.google.com/maps/place/?q=place_id:ChIJpWmYell6NjERCt9I1i9QHxU',NULL,5,'ChIJpWmYell6NjERCt9I1i9QHxU',4.5,15969,'tourist_attraction','http://ticketdulich.com/tamcoc','Đang mở cửa · Đóng cửa vào 17:00','2025-11-19 07:15:51',NULL),(128,'Phố cổ Hoa Lư','Tràng An 2, Tân Thành, Ninh Bình, Việt Nam','https://lh3.googleusercontent.com/gps-cs-s/AG0ilSzIIQRe2xuJMJ4iO82M1o0-ZMzt975NnO-1MOvIXd0JnnAaBp2FgB-ksEdrbA4SqcYDYLlJkXi9UnOrJrwsSEmOd2n2Py8Wey87Cmyr0ZnYSRbBlAV16EOfRAawpYL-_Nc-N52pRw=w122-h92-k-no','https://www.google.com/maps/place/?q=place_id:ChIJjxI5TgB5NjERXpAJ7uVVPes',NULL,5,'ChIJjxI5TgB5NjERXpAJ7uVVPes',4.6,6170,'tourist_attraction','https://ticket-stations.com/ninh-binh-day','Đang mở cửa · Đóng cửa vào 23:00','2025-11-19 07:15:51',NULL),(129,'Bảo tàng Ninh Bình','25 Lê Đại Hành, Vân Gia, Ninh Bình, Việt Nam','https://lh3.googleusercontent.com/gps-cs-s/AG0ilSzxBsaGCLxBZNLlpURwUpRRNLnUGK2pQkl6LSoakSDOsI7j2sAEfzWydalQpWVUDX25vws4ezUtXeu5OwGphIqA66JNjKTmqk6q30d2WtwJTJDo9_TzeUkH9kiiLuNa7WpGwz5N0Q=w122-h92-k-no','https://www.google.com/maps/place/?q=place_id:ChIJoSz0PFN3NjERfzsg1VvYOFc',NULL,5,'ChIJoSz0PFN3NjERfzsg1VvYOFc',3.9,110,'tourist_attraction,museum','https://baotangtinh.ninhbinh.gov.vn/','Đang mở cửa · Đóng cửa vào 18:00','2025-11-19 07:15:51',NULL),(130,'Vai Gioi Cave','6W82+C77, Ninh Hải, Hoa Lư, Ninh Bình, Việt Nam','https://lh3.googleusercontent.com/gps-cs-s/AG0ilSz6iFPJXCzT_NQbsJjUGRWN-JeHYrcjhvHPTIOPuljPP9_1P87BuIbyUOGlhzfM0At3tU8Z0JH5E2K6SoGBoKzKCpQkmu-KQ38mXo4wWr5BkAAcOyCM-fWHRa-slqdZ36fwVO46=w163-h92-k-no','https://www.google.com/maps/place/?q=place_id:ChIJce_QK657NjERn9kBYSYsw1E',NULL,5,'ChIJce_QK657NjERn9kBYSYsw1E',4.4,150,'tourist_attraction',NULL,'Mở cả ngày','2025-11-19 07:15:51',NULL),(131,'Đền Thái Vi','6WFH+MXC, Ninh Hải, Hoa Lư, Ninh Bình, Việt Nam','https://lh3.googleusercontent.com/gps-cs-s/AG0ilSwM4yVwloRPdZDwuqHS2oriED61L4vVRHGBTGkdDvbQyN4ffynenZwK48KIPPFyEMzs07ObktOIC74-omJsDQQoFXgKxwwQEf7kaXDTmLXuTUbGHVOUgpfrbTcmx5rCe2rJ44kL=w163-h92-k-no','https://www.google.com/maps/place/?q=place_id:ChIJK3IU4FF6NjERrTiBKD4e1Q8','Ngôi chùa Phật giáo từ thế kỷ 13. Quần thể đền thờ có từ thế kỷ 13, nằm giữa khung cảnh núi non, có sân trong và cổng vòm bằng đá.',5,'ChIJK3IU4FF6NjERrTiBKD4e1Q8',4.3,704,'tourist_attraction,place_of_worship',NULL,NULL,'2025-11-19 07:15:51',NULL),(132,'Động Thiên Hà','Thôn Đồng Tâm, Phường Tây, Hoa Lư, Ninh Bình, Việt Nam','https://lh3.googleusercontent.com/gps-cs-s/AG0ilSx-fefkhoYUEovyVmDfGhMRXawJym7ZuITV4hf4bp4WgRcu8dRqUlCCvK7NWJEPIJ1PnW1EDiYI15WqMB_MQJo6gidDYz5xlleom321wRb5rZ2PdYpv9-a8qU6YiW-BCfPXZ6iTJuumXSg=w80-h106-k-no','https://www.google.com/maps/place/?q=place_id:ChIJS1pG2oJ7NjERT6-7GF-C7oc',NULL,5,'ChIJS1pG2oJ7NjERT6-7GF-C7oc',4.5,61,'tourist_attraction','http://dongthienha.com.vn/','Đang mở cửa · Đóng cửa vào 17:00','2025-11-19 07:15:51',NULL),(133,'Động Tiên Cá','Thung Nham, Nam Thành, Hoa Lư, Ninh Bình 430000, Việt Nam','https://lh3.googleusercontent.com/gps-cs-s/AG0ilSxi2hBfka0vSUFymy4ByAnxR5i7P0-foyezAuaHraAGP6TDtvw7K4Jiz07pU5yK_cSNE7p5ytXVoA17EZhMZJlNgamvifDMtBOqa3K2dFr4RfptNHoqpMIJFFG6jf9A5v5Wpqc=w122-h92-k-no','https://www.google.com/maps/place/?q=place_id:ChIJU1QAzJ17NjERx3hvkZR5P6Q',NULL,5,'ChIJU1QAzJ17NjERx3hvkZR5P6Q',4.5,278,'tourist_attraction','https://thungnham.com/',NULL,'2025-11-19 07:15:51',NULL),(134,'Đảo Khê Cốc - Ninh Bình','7W2F+MR7, Ninh Nhật, Hoa Lư, Ninh Bình, Việt Nam','https://lh3.googleusercontent.com/gps-cs-s/AG0ilSwe4vNv_AkX6gt_MujXjvLkKfn9sAIx5u56xq52RCkB7W82aVy7sjgplB-_0ln5qatNbzQ1VhPiQXQUx_JVDu6WEgfBmGY5XUM4S4H5TduRh_rc-7yXCiYP5-PJbxijkplGMezA5g=w122-h92-k-no','https://www.google.com/maps/place/?q=place_id:ChIJr3yeMdh7NjERDOMXPWskDAM',NULL,5,'ChIJr3yeMdh7NjERDOMXPWskDAM',4,266,'tourist_attraction','https://www.facebook.com/disantrangan.vn','Đang mở cửa · Đóng cửa vào 17:00','2025-11-19 07:15:51',NULL),(135,'Làng Việt Cổ','6W9P+63C, Ninh Hải, Hoa Lư, Ninh Bình, Việt Nam','https://lh3.googleusercontent.com/gps-cs-s/AG0ilSz7jK-rFvvi_Tmzfl1SGggCIpv1yUbpOoqWMUVBVRz_mI-5igv0YClPmKRjUYFCYnuZk7iBrM7Ub4m9JQNJe1e0tYwEgUBu6CIy5UPHRjP8DGcd4jn_HdS4yaG6nPlErrAEXVa-fzLXrPg=w80-h106-k-no','https://www.google.com/maps/place/?q=place_id:ChIJmV_nLwB7NjEROap2fAWKrtI',NULL,5,'ChIJmV_nLwB7NjEROap2fAWKrtI',4.7,10,'tourist_attraction',NULL,NULL,'2025-11-19 07:15:51',NULL),(136,'Nền cung điện Đinh-Lê','7WP4+95J, Trường Yên, Hoa Lư, Ninh Bình, Việt Nam','https://lh3.googleusercontent.com/gps-cs-s/AG0ilSyvrrCXGFm2MzAt1JPH5y3AaGlRmX9m6FnGGLUTHhVHeLtY1axTqsJssLbATt7PEOCycL7A-hS5lgE8gvDEaFpY-SggG8U9KxASeQDQtyBOfuo_oa-P7dv9fWzUU5EMxf2hXTE=w163-h92-k-no','https://www.google.com/maps/place/?q=place_id:ChIJP8XAa2d5NjERAUiMMDoY8N8',NULL,5,'ChIJP8XAa2d5NjERAUiMMDoY8N8',4.6,35,'tourist_attraction',NULL,'Đang mở cửa','2025-11-19 07:15:51',NULL),(137,'Tam Coc Museum','6W8M+929, Ninh Hải, Hoa Lư, Ninh Bình, Việt Nam','https://lh3.googleusercontent.com/gps-cs-s/AG0ilSxEfc2HlQj3DYsvvdeaLIvnDsXyoBvbupdT1LH35XLHEtOWHj-PD2Ppr1-2s6Rs0VdbKepfCUXwoaGymJDbIaJqtYDORkzB__M7AR0dDdMnNknRFCx4zjZanGh09a0mihJvn7oAH8jkSA9i=w122-h92-k-no','https://www.google.com/maps/place/?q=place_id:ChIJv59HbAB7NjERXVl7CS35N-Y',NULL,5,'ChIJv59HbAB7NjERXVl7CS35N-Y',4.9,164,'museum','https://www.tamcocmuseum.com/','Đang mở cửa · Đóng cửa vào 17:00','2025-11-19 07:15:51',NULL),(138,'Hang Bụt Hiện','Ninh Hải, Hoa Lư, Ninh Bình, Việt Nam','https://lh3.googleusercontent.com/gps-cs-s/AG0ilSwEECMtT_lRdjIJFVR-3C5i7OMaekBOfkO28H1ATPF2WH5OMP28N7-o69TPCvwuH-iD_n0gHvuZu-epA85VGii8M_uzq2v6LVcUn4GCZ2p8qtSV7KqAf5KH8AA2wjDYnPVru2fl=w122-h92-k-no','https://www.google.com/maps/place/?q=place_id:ChIJTyzgQp17NjERF9blIBz9DR4',NULL,5,'ChIJTyzgQp17NjERF9blIBz9DR4',4.2,57,'tourist_attraction',NULL,'Mở cả ngày','2025-11-19 07:15:51',NULL),(139,'Công viên Thúy Sơn','7X5J+XJH, Vân Gia, Ninh Bình, Việt Nam','https://lh3.googleusercontent.com/gps-cs-s/AG0ilSzJdPYzrvtRBFGs2axvbOsjFPL6Urb6-iSjjTaOsaP1drpV8RjN4NDuKaqIfzHTMhqtX_ZqoOOlEl85SDdNZTL8cG_sKyAN-ClBG96yVvnymwze3kZQdTFv4oL6HfysW8ePuIk=w122-h92-k-no','https://www.google.com/maps/place/?q=place_id:ChIJBbAw_FF3NjERnZjhJopHYd8',NULL,5,'ChIJBbAw_FF3NjERnZjhJopHYd8',4.1,742,'tourist_attraction,park',NULL,'Đang mở cửa','2025-11-19 07:15:51',NULL),(140,'Chùa Bích Động','6W99+C23, Ninh Hải, Hoa Lư, Ninh Bình 430000, Việt Nam','https://lh3.googleusercontent.com/gps-cs-s/AG0ilSwY4_xpw4CoQGGuzM0SNzc5eUYAP5hGLqMQRXrcfUOHknh6W3mXFgdxRStmeQomOzjv7wNZrJjoRSXgb45AKW7JvnOn3OVQyadBm-wmKrpcsAUclcWPiZ1AVp0to3996Oq7fq4z=w163-h92-k-no','https://www.google.com/maps/place/?q=place_id:ChIJn60YcKl7NjERHlwGKcFB5Nk','Chùa cổ trên núi nằm gần 3 hang động. Ngôi chùa cổ kính và nhiều tầng này nằm trên sườn núi, gần 3 hang động tự nhiên và có thể đến bằng thuyền.',5,'ChIJn60YcKl7NjERHlwGKcFB5Nk',4.4,5417,'tourist_attraction,pagoda,pilgrimages_place,religious_destination,scenic_spot,buddhist_temple',NULL,'Đang mở cửa · Đóng cửa vào 16:30','2025-11-19 07:15:51',NULL),(141,'Secret Cave','6W87+CM, Ninh Hải, Hoa Lư, Ninh Bình, Việt Nam','https://lh3.googleusercontent.com/gps-cs-s/AG0ilSylTgd1BBmSts_exiJXx4dyT0IqINGJPNuB0hCYaAPNZEClFDj10cTN4bPX9fCJp5_UdocPmDQclw3ke1u1_BsZMBvCbuyIF6ZCR386CDqvg5gH4z4CHjOKWSgBIWFH4U-r3uWo=w122-h92-k-no','https://www.google.com/maps/place/?q=place_id:ChIJzWHO8U97NjERhG8V40q-PLo',NULL,5,'ChIJzWHO8U97NjERhG8V40q-PLo',4,90,'tourist_attraction',NULL,'Đang mở cửa · Đóng cửa vào 18:00','2025-11-19 07:15:51',NULL),(142,'Bãi Đá Cổ Sa Pa','Mường Hoa, Sa Pa, Lào Cai, Việt Nam','https://lh3.googleusercontent.com/gps-cs-s/AG0ilSyK6eiI0DEJ52UtJrMzpCxR1nYGuhQJtfcyqoVqS6QpKzdbcMH8LnMe5ZkMtFqFgUMDl8OaW5avl71w-FaIp4OrVjp-RUMbqPnJECfAfDr4SMsMaLpe_MV7qiP6zaWnIJW6Z-aKmo4xQgQ=w138-h92-k-no','https://www.google.com/maps/place/?q=place_id:ChIJk6PIaMlAzTYRKqINUY9DvEI',NULL,6,'ChIJk6PIaMlAzTYRKqINUY9DvEI',4,836,'tourist_attraction',NULL,'Mở cả ngày','2025-11-19 07:15:55',NULL),(143,'Sin Chai Village','8RJH+FQ6, Cát Cát, Sa Pa, Lào Cai, Việt Nam','https://lh3.googleusercontent.com/gps-cs-s/AG0ilSxkwjkCFsMdRi2-W4U8SzU6YmEmTLUgnBVOQLzST65WQmosasTbCSkU-NE45FrGks8HbhY6uEUrUFxpYHS3C_lv4-rywqwMOWR_2KBOMYaaabYDVmZCXN-ETHRk-eUVFtt602TkyYG8lbZe=w80-h101-k-no','https://www.google.com/maps/place/?q=place_id:ChIJd-V-Ax5BzTYRZnCuMXs0CXM',NULL,6,'ChIJd-V-Ax5BzTYRZnCuMXs0CXM',4.4,543,'tourist_attraction',NULL,'Đang mở cửa','2025-11-19 07:15:55',NULL),(144,'Thung lũng Mường Hoa','8V7G+MJC, Lao Chải, Sa Pa, Lào Cai, Việt Nam','https://lh3.googleusercontent.com/gps-cs-s/AG0ilSw-5Tabfo8Tz6F2h0hrtFqegvixFckJ61VFHgkFtxW4Bba7QzTypEHoX2AeNuh8Q550aAmm7Uq6ItC81kwX3bdg9aES1WulrxkS-kDEeF17lXsJryira4nENTTTy_NLzxDJnxbGQg=w138-h92-k-no','https://www.google.com/maps/place/?q=place_id:ChIJBdJUrs5AzTYRo2z1PukQGto',NULL,6,'ChIJBdJUrs5AzTYRo2z1PukQGto',4.6,606,'tourist_attraction',NULL,'Đang mở cửa','2025-11-19 07:15:55',NULL),(145,'Sapa Story','Ngõ 88 Đường Điện Biên Phủ, TT. Sa Pa, Sa Pa, Lào Cai, Việt Nam','https://lh3.googleusercontent.com/gps-cs-s/AG0ilSyV35N-671x2Bmk1_8iU_aBCOXhqnE1ykdMAXcxlbOAlv7MB4VSP4maoGDcJGpoA2KO8BwWNAwGMy1rGEVFdY9Xd6jrb6LpL9-m731njfO4DGslKkNIjD_RefWU1UNvTVx0GOc=w122-h92-k-no','https://www.google.com/maps/place/?q=place_id:ChIJxz6lfdhBzTYRXKOlkkTmJBY',NULL,6,'ChIJxz6lfdhBzTYRXKOlkkTmJBY',4.1,37,'tourist_attraction','https://www.facebook.com/SapaStoryvn','Mở cả ngày','2025-11-19 07:15:55',NULL),(146,'Sapa Heaven Gate','9Q28+W5R, Sơn Bình, Tam Đường, Lai Châu, Việt Nam','https://lh3.googleusercontent.com/gps-cs-s/AG0ilSyhxWk4_KH79OAdBCmsSuoB3lYU7wLnKZA0OHWuFuaTQn2Zdo3OkzMI70mFLc0NkxXpNSiCNfhF8CRM5_EYc2RfeA7ZJuVwO7CQZ5EJJmGrea0F4XY7VDhtZ5e1Dwyj34yPkYw=w122-h92-k-no','https://www.google.com/maps/place/?q=place_id:ChIJd78mRUBDzTYR75mLzbIMXmM',NULL,6,'ChIJd78mRUBDzTYR75mLzbIMXmM',4.2,265,'tourist_attraction',NULL,'Đang mở cửa','2025-11-19 07:15:55',NULL),(147,'Moana Sapa','số 68 Violet, Phường Cầu Mây, Sa Pa, Lào Cai 330000, Việt Nam','https://lh3.googleusercontent.com/gps-cs-s/AG0ilSwJKhQFLLyrKBcAv6fIOYZa8Wd5_OnQ2QJodD7Vla9DdTHdE_zXlnlCbCA7TVJOlrXWNRSWw3I38jPyH0Mc5HQ-oVXt9h0hOEca6wT68z3hllPzsI3HaQeH1fiigg7BfXc4GaRv7tl0cgi8=w122-h92-k-no','https://www.google.com/maps/place/?q=place_id:ChIJOUsUjU9BzTYR2iiyXdPUg-g',NULL,6,'ChIJOUsUjU9BzTYR2iiyXdPUg-g',4.2,2447,'tourist_attraction','https://www.facebook.com/profile.php?id=100095461925872&mibextid=LQQJ4d','Đang mở cửa · Đóng cửa vào 19:00','2025-11-19 07:15:55',NULL),(148,'Fansipan photo spot','8Q4F+HX5, San Sả Hồ, Sa Pa, Lào Cai, Việt Nam','https://lh3.googleusercontent.com/gps-cs-s/AG0ilSyvM-IutNcMJF1YH0nel1cdN8u14-rhdfPlN60LsUmzMcOJ8gjX1rFiGbLVpedFIt73q_OLpE1jDxnTtvmY_KWbV5zyzzTk4rCr5eppPiAFKu1AQ0UjApPfz4HSK9nyZCQU_f8=w163-h92-k-no','https://www.google.com/maps/place/?q=place_id:ChIJg6annhxFzTYR-IT5FTbWMKU',NULL,6,'ChIJg6annhxFzTYR-IT5FTbWMKU',4.7,23,'historical_landmark',NULL,'Đang mở cửa','2025-11-19 07:15:55',NULL),(149,'Tu Viện Cổ Tả Phìn','9VG2+WJF, Sa Pả, Sa Pa, Lào Cai, Việt Nam','https://lh3.googleusercontent.com/gps-cs-s/AG0ilSyOZbaUJISM53ntf55u92an7bXAbHOiTUEG9oRJPMlaz1QGP3dsCrDS0QpQIhGj3z4bjX2izyu6BCMG1CFPfPiE1x192wDL2eFxY5q8ZjBZu7flOJhtVUN78c-OJ0-rLQLfGCj8=w122-h92-k-no','https://www.google.com/maps/place/?q=place_id:ChIJ88uxO8dBzTYRuwYTVQt7tN0',NULL,6,'ChIJ88uxO8dBzTYRuwYTVQt7tN0',4.1,627,'tourist_attraction,historic_site',NULL,'Mở cả ngày','2025-11-19 07:15:55',NULL),(150,'Cổng Trời Ô Quý Hồ','Sơn Bình, Sa Pa, Lào Cai, Việt Nam','https://lh3.googleusercontent.com/gps-cs-s/AG0ilSyreTsqbbn6f1nopBJSEXSa5XRqyjMq4pkxHR506ZJQOJ2-lcJBcA6ySIB1AEdFK50tXKN91oeYedI0tp3xMPso9VOyWFSWX5B_caOLGGFCslofbSiUBgYwxa4-fFpGvV74vn-g=w122-h92-k-no','https://www.google.com/maps/place/?q=place_id:ChIJk_Pit8BDzTYRNXjzhk6K8f8',NULL,6,'ChIJk_Pit8BDzTYRNXjzhk6K8f8',4.4,581,'tourist_attraction','http://congtroioquyho.com/','Đang mở cửa · Đóng cửa vào 19:00','2025-11-19 07:15:55',NULL),(151,'Đỉnh Phan Xi Păng','San Sả Hồ, Tam Đường, Lai Châu, Việt Nam','https://lh3.googleusercontent.com/gps-cs-s/AG0ilSwe88J6RRrQpJ_XnDpB8p3B6b7j3Iuqkje9wqrFydnsX7vA7-b3YgXEtxTwykzZGipWrw-cbWO_tCRw7ouYrKlHGihFaReW7RcXb3LFpvz73YXdF5_pgI_a5QbEmKPnwptJyx3o=w80-h106-k-no','https://www.google.com/maps/place/?q=place_id:ChIJCW8JPN1FzTYR0G6abUfiiR4',NULL,6,'ChIJCW8JPN1FzTYR0G6abUfiiR4',4.7,1370,'tourist_attraction','https://ticket-stations.com/fansipan-cable-car-ticket','Đang mở cửa','2025-11-19 07:15:55',NULL),(152,'Museum Sa Pa','8V3X+JCC, Mường Hoa, Sa Pa, Lào Cai, Việt Nam','https://lh3.googleusercontent.com/gps-cs-s/AG0ilSxf12XCKuI8QBSvU5SMnxY4Ls-EVFOcCd1QCekd88vZUAxQMmD2F8ekrJBJnbNBH2lfhO5Bs--JzP0wbljBNGsezxlOv2FDRsXyJhgfAxgfzbY8t4wAGP0hoBJ7yf8QSEQd3V0E=w122-h92-k-no','https://www.google.com/maps/place/?q=place_id:ChIJx51dDbNAzTYR0vtajqy9LLc',NULL,6,'ChIJx51dDbNAzTYR0vtajqy9LLc',4.2,6,'museum',NULL,'Đang mở cửa','2025-11-19 07:15:55',NULL),(153,'Khu Du Lịch Sinh Thái Hàm Rồng SaPa','Đường Lên, TT. Sa Pa, Sa Pa, Lào Cai, Việt Nam','https://lh3.googleusercontent.com/gps-cs-s/AG0ilSzDJeZxYoCiy0DY0Ma_aG3wIJotCwXqM-1P4gJOq9LOfNRC_z5xDQTFLthjhQfvnl4gFbCoTRwJC0k0otZbfRtvppsBn4qBnDW06vDuHp3IIQnfX52hk2Uo9PDcSwmBUBgAMYsN6w=w122-h92-k-no','https://www.google.com/maps/place/?q=place_id:ChIJgSz2sRRBzTYR9-ob-yVXx28','Ngọn núi nhìn ra Sapa với đường mòn tự nhiên. Đỉnh núi nhìn ra Sapa với con đường quanh co nằm giữa thảm thực vật tươi tốt đến đỉnh hình đầu rồng.',6,'ChIJgSz2sRRBzTYR9-ob-yVXx28',4.3,2044,'tourist_attraction,nature_preserve','http://www.hamrongsapa.com/','Đang mở cửa · Đóng cửa vào 17:30','2025-11-19 07:15:55',NULL),(154,'Hang Tả Phìn','Tả Phìn, Sa Pa, Lào Cai, Việt Nam','https://lh3.googleusercontent.com/p/AF1QipN_hRpQbCViZgnFA3CBIT1s84hXxCv8xsK73JaX=w163-h92-k-no','https://www.google.com/maps/place/?q=place_id:ChIJNyxY2wlqzTYRn8ofh9rUgvo',NULL,6,'ChIJNyxY2wlqzTYRn8ofh9rUgvo',3.9,517,'tourist_attraction','https://www.facebook.com/Hang-%C4%90%E1%BB%99ng-T%E1%BA%A3-Ph%C3%ACn-108153653906073','Mở cả ngày','2025-11-19 07:15:55',NULL),(155,'Bảo tàng Văn hoá Sapa','02 Fansipan, TT. Sa Pa, Sa Pa, Lào Cai, Việt Nam','https://lh3.googleusercontent.com/gps-cs-s/AG0ilSyRNDdmKDn_80pOExPsm0gLDEPzPCq9DPrrvI5kngSlXggbydm5nAfBmOCi1AinLRBKjS_XG_gq5bOVGBbiIFhBzo6RLAOATB4o0oVNjZgywiQDD_ZPVtGRXIM8R5dTx8C310YaEdiM0Qwl=w80-h106-k-no','https://www.google.com/maps/place/?q=place_id:ChIJ6-apkWtBzTYRSJVYMquiS5U',NULL,6,'ChIJ6-apkWtBzTYRSJVYMquiS5U',4.4,138,'museum',NULL,'Đang mở cửa · Đóng cửa vào 19:00','2025-11-19 07:15:55',NULL),(156,'Đỉnh Đèo Ô Quy Hồ','QL4D, Sơn Bình, Tam Đường, Lai Châu, Việt Nam','https://lh3.googleusercontent.com/gps-cs-s/AG0ilSwtUIn0diNgflVAGuPWjvzaqD__rEz5GSh6ZvgWpOx2xfEEBFN_T9EUsPDk9EE8mmMr4-SeW6PEEpkTMW5w3CPLPaU2ba957A5Qf9Gx_hVRlSPIg_9_AKilDbKybr68lR8J_PNhJ98qr96H=w122-h92-k-no','https://www.google.com/maps/place/?q=place_id:ChIJ9YpR46nY0jYR_S9bLCkzW9I',NULL,6,'ChIJ9YpR46nY0jYR_S9bLCkzW9I',4.5,2517,'tourist_attraction,scenic_spot','http://www.deooquyho.com/','Mở cả ngày','2025-11-19 07:15:55',NULL),(157,'Sapa Tourist Information Center','2 Fansipan, street, Sa Pa, Lào Cai 330000, Việt Nam','https://lh3.googleusercontent.com/p/AF1QipPk1b6N7_ZYUmHYoCpRhhkj3hVisjCXh6uQSqxr=w204-h92-k-no','https://www.google.com/maps/place/?q=place_id:ChIJ-22OhWtBzTYRjKAuG3xn9aE',NULL,6,'ChIJ-22OhWtBzTYRjKAuG3xn9aE',3.8,126,'visitor_center','https://sapa-tourism.com/','Đang mở cửa · Đóng cửa vào 17:30','2025-11-19 07:15:55',NULL),(158,'Đền Hàng Phố','32 Fansipan, TT. Sa Pa, Sa Pa, Lào Cai, Việt Nam','https://lh3.googleusercontent.com/gps-cs-s/AG0ilSz2N0ITHC6nWvB8diq0CyvHerK4fAngz5iozfm6cQgy7mO1xh2jpY8WZFdDaZ55GY84O0i5G3w67ZCNvH9qzo_g9opd3ndUcgD1Az3n1gPWNodZPowJpkA_qYJV4Zp11S5fDfPx=w80-h106-k-no','https://www.google.com/maps/place/?q=place_id:ChIJnZE1tmtBzTYRipULVog6NRg','Đền thờ cổ mở cửa cho du khách. Đền thờ cổ và đài tưởng niệm quốc gia này mở cửa cho du khách tham quan và tổ chức lễ hội di sản hằng năm.',6,'ChIJnZE1tmtBzTYRipULVog6NRg',4.6,40,'tourist_attraction,place_of_worship','https://www.vietfuntravel.com.vn/blog/du-lich-sapa-den-hang-pho.html','Đang mở cửa · Đóng cửa vào 19:00','2025-11-19 07:15:55',NULL),(159,'Bảo An Thiền Tự','8RQF+6FG, TT. Sa Pa, Sa Pa, Lào Cai, Việt Nam','https://lh3.googleusercontent.com/gps-cs-s/AG0ilSyEXwIcdvEyrzpfNVxqDtndCLClWiVhreRseGPOI7CF8kPBVqdN3CfGRvt_X9sRJVZzVaskQ4hradKof2GzSAS1Bf3MRVTzF5G8CD14rAjm2JtyC4J3VO2J_Mad9T2z_tU7rfZ5nQ=w163-h92-k-no','https://www.google.com/maps/place/?q=place_id:ChIJoyINJWJBzTYREuS9Qe89_yY',NULL,6,'ChIJoyINJWJBzTYREuS9Qe89_yY',4.6,92,'tourist_attraction,pagoda',NULL,NULL,'2025-11-19 07:15:55',NULL),(160,'Nhà Thờ Đá Sapa','P. Hàm Rồng, TT. Sa Pa, Sa Pa, Lào Cai 333100, Việt Nam','https://lh3.googleusercontent.com/gps-cs-s/AG0ilSxstWipqsYUFM1ya1bbLtVwmSB2tpWN1Stlg43-J0CjYIn6gfpK173d4i9eci-QtTJ173KL_-CMd1i4hmMXtLD5hq4Bhg-Vsm_dVT5AGzfuQN8Ed-aAv7l3izSQlwz9IVOOh__wh0IT9o0=w80-h142-k-no','https://www.google.com/maps/place/?q=place_id:ChIJZ30wZWtBzTYRUBDrzMF6zMU','Nhà thờ Công giáo có tháp chuông bằng đá. Được người Pháp xây dựng năm 1895, nhà thờ bằng đá này có tháp chuông và kiến trúc Gothic La Mã.',6,'ChIJZ30wZWtBzTYRUBDrzMF6zMU',4.4,8107,'tourist_attraction,cultural_landmark,catholic_church','https://www.nhathodasapa.com/','Đang mở cửa · Đóng cửa vào 21:00','2025-11-19 07:15:55',NULL),(161,'Bản Xín Chải','8RQ7+WRH, Xín Chải, Sa Pa, Lào Cai, Việt Nam','https://lh3.googleusercontent.com/gps-cs-s/AG0ilSyEbJcuumJUq-m1LMZSoer3MESDxoOgrh8SKuM_eq31kU-Qs9uUEW-EpPXKCmKLMLH4P4UzzQ_oBAJUDqyyBXB0PHJj6L-KiqaXp-1chqsz4TRbg18xdbjURpggRQqmcinXC8Pe-w=w122-h92-k-no','https://www.google.com/maps/place/?q=place_id:ChIJuaZ7sNtDzTYRPctK0EHpx1Q',NULL,6,'ChIJuaZ7sNtDzTYRPctK0EHpx1Q',4.2,65,'historical_landmark',NULL,'Đang mở cửa','2025-11-19 07:15:55',NULL),(162,'Đồi A1','92M9+53F, Hoàng Văn Thái, Mường Thanh, Điện Biên Phủ, Điện Biên, Việt Nam','https://lh3.googleusercontent.com/gps-cs-s/AG0ilSz_CFdqN7ml62RtvZzsRnOVnnucCOiR2WWDxsMAw0y9L6HVSm8nq7hICpdXFNvTBDdrhyJ0ZLMRJn4ikte5zP8gLLjND9i0EFfEYeGpTzLECe00EXNGCLBEb3khRwdlmwwF-8zm=w122-h92-k-no','https://www.google.com/maps/place/?q=place_id:ChIJZw2muVwILTERfgyHyqrPPts',NULL,7,'ChIJZw2muVwILTERfgyHyqrPPts',4.5,2697,'tourist_attraction,memorial_park',NULL,'Đang mở cửa · Đóng cửa vào 17:30','2025-11-19 07:15:58',NULL),(163,'Hầm chỉ huy Tập đoàn cứ điểm Điện Biên Phủ','92M6+X7F, Nguyễn Hữu Thọ, Thanh Trường, Điện Biên Phủ, Điện Biên, Việt Nam','https://lh3.googleusercontent.com/gps-cs-s/AG0ilSzd8JM76icwrNAfZF4QinI7HIEttiIMNjp_l8OqE2nEcaPA7Fbh-Hukf9nIR-w4nlYqYjraYeHEXYRRFY2lt9ZiEyDreDot_WJSBzvb9mZxwjEF5e5_Ra0UiosdOYyZuOnSdtI=w138-h92-k-no','https://www.google.com/maps/place/?q=place_id:ChIJr_qQGWcILTERJ00-Y-koeEk',NULL,7,'ChIJr_qQGWcILTERJ00-Y-koeEk',4.3,2408,'tourist_attraction',NULL,'Đang mở cửa · Đóng cửa vào 17:30','2025-11-19 07:15:58',NULL),(164,'N°1 Discovery Trail','92M6+V9G, Nguyễn Hữu Thọ, Thanh Trường, Điện Biên Phủ, Điện Biên, Việt Nam','https://lh3.googleusercontent.com/gps-cs-s/AG0ilSzn3UbBnaaraDefBLkYuNL7QpTAKhZAYx9WWcakUZxqOdV0YYIYUSoLereg7FjnRmLYDO0wfddDLMS0EdpZXku7gn_WJMMkX_z3VoFjKy6S9qV3cBb4CVenLzbqHxsHFR-AlHR-=w80-h106-k-no','https://www.google.com/maps/place/?q=place_id:ChIJrXlwKQAJLTER66pliQZ_0gw',NULL,7,'ChIJrXlwKQAJLTER66pliQZ_0gw',5,3,'historical_landmark',NULL,'Mở cả ngày','2025-11-19 07:15:58',NULL),(165,'Hận thù Noong Nhai','9225+X9M, QL279, Thanh Chăn, h. Điện Biên, Điện Biên, Việt Nam','https://lh3.googleusercontent.com/gps-cs-s/AG0ilSyqaCf1TtoOBr-iyRntargKWMfl_E-njpFTZNHNGMevW_6W4k5W95N8Q73YTIY8sjMUCSe3P_AEXjqtVJu_89PQHSmBsn7PkZq-y7MdaB3vmE1aQY4GNV_YRx5ltJz6o4hbksgIZg=w122-h92-k-no','https://www.google.com/maps/place/?q=place_id:ChIJpe63mbEJLTERz0q5V0RHbvY',NULL,7,'ChIJpe63mbEJLTERz0q5V0RHbvY',4.5,13,'historical_landmark','https://www.vietnam.vn/en/noong-nhai-di-len-tu-noi-dau-buot-nhoi',NULL,'2025-11-19 07:15:59',NULL),(166,'Cánh đồng Mường Thanh','9289+G96, Unnamed Road, Thanh Xương, Điện Biên Phủ, Điện Biên, Việt Nam','https://lh3.googleusercontent.com/gps-cs-s/AG0ilSweoa9ya_UKdSoO6h7-_fdVxAV6n5JDHrJXahQYW7MDh6aIl41pPg2N2iRsteLn30JrImYH3q5Y-RnLKz6x9zfFGzy1mCN2dl8QQhfxNN0BSzcMkHG18OQYLNfHThSGfjnaJFU=w137-h92-k-no','https://www.google.com/maps/place/?q=place_id:ChIJUaQwZvQJLTERt-dZQDyOQl8',NULL,7,'ChIJUaQwZvQJLTERt-dZQDyOQl8',4.7,78,'tourist_attraction,historical_landmark',NULL,'Mở cả ngày','2025-11-19 07:15:59',NULL),(167,'Tank Chaffee 24','82 Nguyễn Hữu Thọ, Thanh Bình, Điện Biên Phủ, Điện Biên, Việt Nam','https://lh3.googleusercontent.com/gps-cs-s/AG0ilSyzgZJ1XQivvTKGSmIpQo20CBsjUka_EPkdHRCQtkveoJdRRv-n-ZKpYTND-CUy7g_c9E0TOVvlpWfFFIglyIcC0LcVRRHgIvYstwZIVn_ghZ5HPwzyz--TZ6sMLrtPGzAE3cI=w80-h106-k-no','https://www.google.com/maps/place/?q=place_id:ChIJ-dL_DVUJLTERMsurW5zLapQ',NULL,7,'ChIJ-dL_DVUJLTERMsurW5zLapQ',5,6,'tourist_attraction',NULL,'Đang mở cửa','2025-11-19 07:15:59',NULL),(168,'Tượng đài Chiến Thắng Điện Biên Phủ','92R9+VH2, Mường Thanh, Điện Biên Phủ, Điện Biên, Việt Nam','https://lh3.googleusercontent.com/gps-cs-s/AG0ilSy2wsUdtkg3r1NuTUP2BHMVm4BjFl712oWdHKjLtNU0bqOJEF3OhT94fwZ_lULAImLvpZEjIe335v72nkgvTrnKWAaE6yXne8zfv82ookG74OWxZhScO_kKe6FUrauaD0yAuok=w163-h92-k-no','https://www.google.com/maps/place/?q=place_id:ChIJv7MrcF8ILTERt4jgybwOShs',NULL,7,'ChIJv7MrcF8ILTERt4jgybwOShs',4.6,1291,'tourist_attraction,museum,war_memorial',NULL,'Đang mở cửa · Đóng cửa vào 23:30','2025-11-19 07:15:59',NULL),(169,'Đồi Độc Lập','C2C4+HMG, QL12, Than Nưa, h. Điện Biên, Điện Biên, Việt Nam','https://lh3.googleusercontent.com/gps-cs-s/AG0ilSzUhxI29n1-gKRrPXVc4DlO1l9BLlZbhQk8CEs2nkFIaU4iD3FJRGqkna8JD-fOHA5_vCWLqte6O3S3e2TUgbUXHHCFvT2wb1F5nKnlZOhtETrm7V7w2LD5vUGFmfT-a2vLs35WVw=w122-h92-k-no','https://www.google.com/maps/place/?q=place_id:ChIJZTchIbwILTERCqluVoboPy8',NULL,7,'ChIJZTchIbwILTERCqluVoboPy8',4.3,174,'historic_site',NULL,'Mở cả ngày','2025-11-19 07:15:59',NULL),(170,'Bunker du colonel de castries','92M6+W6R, Thanh Trường, Điện Biên Phủ, Điện Biên, Việt Nam','https://lh3.googleusercontent.com/gps-cs-s/AG0ilSwnEXTF8_bz4etpTDJBCzseEK_sLbUVY_qcbAdrhNCPuV8JjtH--XI4aS4edhWHWU2doffWHBrZRkeCU4fz5OeMCsFPDu6a_No9YvkjiBbHtFHFqtsycVM39DRcxjdACW2K1-NcvB7Epg4=w122-h92-k-no','https://www.google.com/maps/place/?q=place_id:ChIJWUrHFnwJLTER_rrbsMpzdyU',NULL,7,'ChIJWUrHFnwJLTER_rrbsMpzdyU',3.9,8,'historical_landmark',NULL,NULL,'2025-11-19 07:15:59',NULL),(171,'Bảo tàng Chiến thắng Điện Biên Phủ','Đ. Võ Nguyên Giáp, tổ 1, Điện Biên Phủ, Điện Biên 380000, Việt Nam','https://lh3.googleusercontent.com/gps-cs-s/AG0ilSwyvEBbtp8zGu6CIyx9lVdtp-PfaA8rUP671m_YWKIcF2aExBCUYsvM9k8vrt2W2K3hyJ1ZajRpzZCJ6M1QY_TBsy85_1yCJ7qSJJ1L0-Gc9fFiYhMtMfecUFqxHg1FqezCko8=w122-h92-k-no','https://www.google.com/maps/place/?q=place_id:ChIJexucQecJLTERo09e09oPjbk',NULL,7,'ChIJexucQecJLTERo09e09oPjbk',4.7,996,'history_museum','http://btctdbp.svhttdl.dienbien.gov.vn/portal/Home/default.aspx','Đang mở cửa · Đóng cửa vào 17:30','2025-11-19 07:15:59',NULL),(172,'Đồi Him Lam (Béatrice)','C24G+836, Đ. Võ Nguyên Giáp, Phường Him Lam, Điện Biên Phủ, Điện Biên, Việt Nam','https://lh3.googleusercontent.com/gps-cs-s/AG0ilSyeUqh_G9kl_VlNDFEiQysfnnBMXzRoq6A1CjPuSst31qDAS-yNIf9wYqjL9Q8Ykyf48WjuXlr9k_p0W9IaL3cvs9miTt55qDsQrq7MoJ1ncp90NPOnYm6ZC9sGm1PusyyfpzwZ=w138-h92-k-no','https://www.google.com/maps/place/?q=place_id:ChIJJ9eFzPoILTERXlwJXD0ei4g',NULL,7,'ChIJJ9eFzPoILTERXlwJXD0ei4g',4.7,37,'historic_site',NULL,NULL,'2025-11-19 07:15:59',NULL),(173,'Phan Đình Giót lấp lỗ châu mai','696 Tổ 2, Tân Thanh, Điện Biên Phủ, Điện Biên, Việt Nam','https://lh3.googleusercontent.com/gps-cs-s/AG0ilSzD1jsMbUBJb-thXsU8f5ADfmac9uMB1gJJAYAjz1gBi3YIo8ofweGnzRmrYFm6P_YS0pAda_tpkVYH6lGmGhoSzZT3aTEBj9KPyEAD9_0Q0jBD1yquPvHpkBw8W_fpK7A2dZs6=w122-h92-k-no','https://www.google.com/maps/place/?q=place_id:ChIJz1milZAJLTER0KOj6srdplY',NULL,7,'ChIJz1milZAJLTER0KOj6srdplY',4.3,8,'historical_place_museum',NULL,'Đang mở cửa','2025-11-19 07:15:59',NULL),(174,'Bia lưu bút','92MC+V82, Mường Thanh, Điện Biên Phủ, Điện Biên, Việt Nam','https://lh3.googleusercontent.com/gps-cs-s/AG0ilSwPBS4nk3fhFEcMvIF52ujavB8jHf7uy10sKexC2WL_0ld3fm-KaeUJ5h3RtblzDq-WeE7EKY1iev1i0b8ODEzAFpeVnoE-ZS-Mif7NLJUVXytBOLs9nibL8EQgibOJi5tr9KvG=w80-h106-k-no','https://www.google.com/maps/place/?q=place_id:ChIJ00yaBfsJLTERTTNUgtA4Ias',NULL,7,'ChIJ00yaBfsJLTERTTNUgtA4Ias',5,4,'tourist_attraction',NULL,NULL,'2025-11-19 07:15:59',NULL),(175,'Kỷ niệm Thành phố Điện Biên','430 Đ. Võ Nguyên Giáp, Tổ 13, Điện Biên Phủ, Điện Biên, Việt Nam','https://lh3.googleusercontent.com/gps-cs-s/AG0ilSxas9n2ZpqifVW7NKvrHOout0zkCHcNVpLrVnEwiDpfUDV45L90HOclf42_qYjMWYtzmIbl4SaPirLHjUQi97g4Gn48ebTzGFK1mDAnYIQqJ-4Hi81EL4YmoBAQ5VEAGJG4A8QP0Q=w80-h107-k-no','https://www.google.com/maps/place/?q=place_id:ChIJCWW_EQAJLTERjSZwYlbv-UU',NULL,7,'ChIJCWW_EQAJLTERjSZwYlbv-UU',5,1,'tourist_attraction',NULL,NULL,'2025-11-19 07:15:59',NULL),(176,'Di Tích Lịch Sử Đồi E1','92W7+2XX, Bế Văn Đàn, Tân Thanh, Điện Biên Phủ, Điện Biên, Việt Nam','https://lh3.googleusercontent.com/gps-cs-s/AG0ilSwrOUy9NDkef3lLhAJa2onNuaiah80H1f3X-tw8pGKkaWu_fAJczea8GsG4LXACDVYJ6qr2rl8GaOVZSwGQgcffD1Ib3t6AbqFr2MFiMHz_BPT93kIEavf9navmT9zGAg-ctNCWRQ=w80-h106-k-no','https://www.google.com/maps/place/?q=place_id:ChIJOSBg_F8JLTER2uJpBglOstQ',NULL,7,'ChIJOSBg_F8JLTER2uJpBglOstQ',4.3,11,'local_history_museum',NULL,'Mở cả ngày','2025-11-19 07:15:59',NULL),(177,'Đồi D1','92V9+3RV, Mường Thanh, Điện Biên Phủ, Điện Biên, Việt Nam','https://lh3.googleusercontent.com/gps-cs-s/AG0ilSzrgvqdwvn7C0Ikh7ZhyGy9P_AQT6NuBFOejZ6vWzzyQOL17iAGI978ItRiQFS3VcoZNayHQpZLzHuX-D04t7Zs7AJr9BP2Eu7K0DgXEESAEYNiVb54QeInLSWbKTX8wT9Flg5Z=w122-h92-k-no','https://www.google.com/maps/place/?q=place_id:ChIJPyPwsVgILTERiSd2E6vqc84',NULL,7,'ChIJPyPwsVgILTERiSd2E6vqc84',4.4,243,'local_history_museum',NULL,'Mở cả ngày','2025-11-19 07:15:59',NULL),(178,'Bản Văn Hóa Du Lịch Phiềng Lơi','C2HW+6PC, Thanh Minh, Điện Biên Phủ, Điện Biên, Việt Nam','https://lh3.googleusercontent.com/gps-cs-s/AG0ilSyaKEqmHjEnRFZa2V2Kt1eCYg8jmEarYP06dXmeG4sj_J9pbsShSuKvrX-K3YN-j2OrHfSYo_zAWufFC8G-iVWpxh4aQIfloX5V0cqKFt1yQgN3myH-VfunDKpvsNGa-vKcEtB8=w137-h92-k-no','https://www.google.com/maps/place/?q=place_id:ChIJy6yWTsoJLTERPJhhOnqB4x0',NULL,7,'ChIJy6yWTsoJLTERPJhhOnqB4x0',4.6,127,'tourist_attraction',NULL,NULL,'2025-11-19 07:15:59',NULL),(179,'Nghĩa trang Liệt sỹ Điện Biên Phủ','1094 QL279, Phường Mường Thanh, Điện Biên Phủ, Điện Biên, Việt Nam','https://lh3.googleusercontent.com/gps-cs-s/AG0ilSwGN3OPyq4WiJzJKbn_fG6rx_94k1eLIjBM-8XTjPGbj8oSQyVUJzdQER__nBSFTKMs_26Ch8kADVWZT2ovO6ihCtK6_OGoX3toi93MoYBV2nB6z8dEvMSZpQMLjLbdLaa0mHo8=w163-h92-k-no','https://www.google.com/maps/place/?q=place_id:ChIJ-_1ZMUMILTERZox6speoOq0',NULL,7,'ChIJ-_1ZMUMILTERZox6speoOq0',4.7,129,'military_cemetery,cemetery',NULL,'Đang mở cửa · Đóng cửa vào 17:30','2025-11-19 07:15:59',NULL),(180,'Frontier Hostel & Tours','8 Lò Văn Hặc, Street, Điện Biên Phủ, Điện Biên 380000, Việt Nam','https://lh3.googleusercontent.com/p/AF1QipP1AVowLYHkPd70h_sypV6eTQzdaVAuV8qWm9r3=w122-h92-k-no','https://www.google.com/maps/place/?q=place_id:ChIJmXqiD_IJLTER7b7KIcCKPEg',NULL,7,'ChIJmXqiD_IJLTER7b7KIcCKPEg',4.7,141,'hotel','http://www.frontierhostel.com/',NULL,'2025-11-19 07:15:59',NULL),(181,'Thành Bản Phủ','8283+MRG, Đi khu di tích Thành Bản Phủ, Thanh Yên, h. Điện Biên, Điện Biên, Việt Nam','https://lh3.googleusercontent.com/gps-cs-s/AG0ilSxIIeETVw2H3Tv6WNvUGwI8SMsreIOEtCuaABd0AquBsgJGzY6J8VnyDojkWpFZF6lrSijFCnygsi5mroaTwN0HAYA26jJW_ID65K0a_KH9Lzf1Oijr29HZU5eIB4hDukNLkUfPeQ=w122-h92-k-no','https://www.google.com/maps/place/?q=place_id:ChIJpWJxH8SnLTERQIGyk-_f4go',NULL,7,'ChIJpWJxH8SnLTERQIGyk-_f4go',4.2,305,'tourist_attraction,historical_landmark',NULL,'Đang mở cửa · Đóng cửa vào 19:00','2025-11-19 07:15:59',NULL),(182,'Bãi trứng - khu du lịch Ghềnh Ráng','P6R8+W8, Ghềnh Ráng, Thành phố, Bình Định, Việt Nam','https://lh3.googleusercontent.com/gps-cs-s/AG0ilSwZS_7PISfayN6c8XtMboN55KwNwqBQJSFlKJdX20zvb7dgKkqz9wi-SW7cLAzvGr4C_ASramhM-d5gyOM-jIFuFwrm5tGXy7_KkJyHgzwrYt7RZOU9Up9tj6vx6ckFFtKhgG9O=w80-h106-k-no','https://www.google.com/maps/place/?q=place_id:ChIJl9eCxOFsbzERW5RYQNNMvHw',NULL,8,'ChIJl9eCxOFsbzERW5RYQNNMvHw',4.2,2002,'tourist_attraction','https://www.goldenlife.vn/diem-den/genh-rang-tien-sa.html','Đang mở cửa · Đóng cửa vào 20:00','2025-11-19 07:16:02',NULL),(183,'Núi Vũng Chua','Lê Hồng Phong, Thành phố, Bình Định, Việt Nam','https://lh3.googleusercontent.com/gps-cs-s/AG0ilSydgaEkkDHHEdS5dC-tr7UJVFWmtZBTU7hpF9uIo6Lnb9DKBVtvVDJkYws1pMpI8UsAQz6xNJrrRyhVn7bDN1b19_GYw6X1qJlmsPFeuiftqj3tZwySitjCzbr0jxCtREvPMhfg=w80-h106-k-no','https://www.google.com/maps/place/?q=place_id:ChIJX9o2oFltbzERQueInJf0qBk',NULL,8,'ChIJX9o2oFltbzERQueInJf0qBk',4.9,1420,'tourist_attraction',NULL,NULL,'2025-11-19 07:16:02',NULL),(184,'Tượng Trần Hưng Đạo','Q762+PP8, Hải Minh, Quy Nhơn, Bình Định, Việt Nam','https://lh3.googleusercontent.com/gps-cs-s/AG0ilSyt73KGZyrI4IVUWak3OdM4GrvlWrYv8_nOAYBOR8LK1cgwxQd7yaeKuvAJxoR1Hk1z0ZBm0LHqkZrGtHrwRb8FHcQvgCY_wrAI1C75Wd1-d36x7Ew6rolmxzMP-3pGNmH5ncl_=w122-h92-k-no','https://www.google.com/maps/place/?q=place_id:ChIJA-ZIwmlsbzER2PWNXiq_b9M',NULL,8,'ChIJA-ZIwmlsbzER2PWNXiq_b9M',4.5,219,'tourist_attraction','http://hxdbinhdinh.org.vn/','Mở cả ngày','2025-11-19 07:16:02',NULL),(185,'Tháp Đôi Quy Nhơn','Q6P6+FC7, Trần Phú, Quy Nhơn, Bình Định, Việt Nam','https://lh3.googleusercontent.com/gps-cs-s/AG0ilSwE2aaVEol7dBYnKI8n3Uo91td9m4MTo-RUrz4t-3NdgqtV2aQ6KxTHF9xUNTFBvSgq44zMWkzqmMQ3ync_xJ3pdEHuYG48H3cjdXOUc56BSPaniqs2A3NR_YZOtkSwpfPNZ4Mo=w122-h92-k-no','https://www.google.com/maps/place/?q=place_id:ChIJgz_FDqBsbzERwNcgqKGg53Y',NULL,8,'ChIJgz_FDqBsbzERwNcgqKGg53Y',4.5,1027,'tourist_attraction','https://svhttdl.gialai.gov.vn/','Đang mở cửa · Đóng cửa vào 18:00','2025-11-19 07:16:02',NULL),(186,'Mộ Đào Tấn','R5RJ+M6W, Xuân Diệu, Phước Nghĩa, Tuy Phước, Bình Định, Việt Nam','https://lh3.googleusercontent.com/gps-cs-s/AG0ilSxd72tBfoZnuS89c5esgcH_7J2wE7yBQru_h9p4O_svcyIO7i7IKresT3yhuWLcetfr3raqrYhd1tpTobwiXYzsiKPgn8odR3giXv5odZZA1eua6RZr-7PbgcX7M456gyOsjrU9=w122-h92-k-no','https://www.google.com/maps/place/?q=place_id:ChIJ-1D2XS4VbzERoZyXD-D4qTs',NULL,8,'ChIJ-1D2XS4VbzERoZyXD-D4qTs',4.4,25,'tourist_attraction,historic_site',NULL,'Đang mở cửa','2025-11-19 07:16:02',NULL),(187,'Bảo Tàng Tổng Hợp Bình Định','26 Nguyễn Huệ, Phường Lê Lợi, Quy Nhơn, Bình Định, Việt Nam','https://lh3.googleusercontent.com/gps-cs-s/AG0ilSwzeCntEqPwXa9tI674RkyImHOMPDYaf942D7uoX6SeX_CsyeqWZqf8OrvrnCTKPZKSXb1OQjnz4nNY9JDA6G-wod4rZ8IDXO2Z3NBpLz_b3kmywEIerAMcWUL9l1eU6UBb1F-h=w122-h92-k-no','https://www.google.com/maps/place/?q=place_id:ChIJaxkhsolsbzER_kW3Y9S9ESA',NULL,8,'ChIJaxkhsolsbzER_kW3Y9S9ESA',4.1,292,'tourist_attraction,museum',NULL,'Đang mở cửa · Đóng cửa vào 17:00','2025-11-19 07:16:02',NULL),(188,'Tháp Bình Lâm','V5RP+554, ĐT640, Phước Hoà, Tuy Phước, Bình Định, Việt Nam','https://lh3.googleusercontent.com/gps-cs-s/AG0ilSyECTPDozqk6eMnTlFYKafs04bfWDrmuWozgZyV2wp6xYRQNqzLF5Gy11oZC0I3P8DZ1ut3DFuHTWMVG1YqgL_j8HdFho0gtn-MMmOc3gZen1vSWeUP_oXur8T8wL9-GreB6YDd=w80-h106-k-no','https://www.google.com/maps/place/?q=place_id:ChIJPQjIrvc_bzERI9csW-fKOb8',NULL,8,'ChIJPQjIrvc_bzERI9csW-fKOb8',4.5,193,'tourist_attraction,hindu_temple',NULL,'Mở cả ngày','2025-11-19 07:16:02',NULL),(189,'Núi Bà Hoả','Q6H9+X54, Lê Hồng Phong, Quy Nhơn, Bình Định, Việt Nam','https://lh3.googleusercontent.com/gps-cs-s/AG0ilSyyXF_h4Ggzic8UARTlr1qdOGMMcqFM9F2Kqi0XXXF8iriworh0H64ZhHW5lfnsZR3NpzFlgNHa6QU4QzE0IAVUnUd3QkKl1FxlRsqDbSuFHhS99RzxvdcvvexxQw6i_HARVOPc=w122-h92-k-no','https://www.google.com/maps/place/?q=place_id:ChIJ4y_w_ptsbzERebpzU82h_JM',NULL,8,'ChIJ4y_w_ptsbzERebpzU82h_JM',4.5,60,'tourist_attraction','https://www.facebook.com/share/g/19qvHSDYnr/?mibextid=wwXIfr','Mở cả ngày','2025-11-19 07:16:02',NULL),(190,'Di tích lịch sử Trại giam nữ tù binh Phú Tài','Q4FW+Q93, Trung Tâm, Quy Nhơn, Bình Định, Việt Nam','https://lh3.googleusercontent.com/gps-cs-s/AG0ilSxjTMiWmYxpI2jWiXwwSIy6se8jeXlwh_hXx6TCKn5zKg53jVTdKyurd1fNmt2I3n_jnoEOUFg6M4J7l994nywb1ggp1EMtz-rCxYcaaAyfx5jCEgRN8BOF5dFCaMBYuun3wFhK=w80-h106-k-no','https://www.google.com/maps/place/?q=place_id:ChIJY4J6UqgTbzER9_ecNbYyQxs',NULL,8,'ChIJY4J6UqgTbzER9_ecNbYyQxs',4.4,7,'historical_landmark',NULL,'Đang mở cửa','2025-11-19 07:16:02',NULL),(191,'Tượng đài Quang Trung','329 Lê Hồng Phong, Trần Hưng Đạo, Quy Nhơn, Bình Định, Việt Nam','https://lh3.googleusercontent.com/gps-cs-s/AG0ilSz4A4385NCgfR6ocNbxgPEjmwiPS1lmupifDj2zLMP9NfbN39GEJvl5nmjbppSHgvIpOBvAeqj_mlWjXKVPwD4mQtrGkPhp0YESQOYpJStxLSEI7E3mFB8GMYXwpDfwOvAhcbOT=w137-h92-k-no','https://www.google.com/maps/place/?q=place_id:ChIJq45g-YRsbzER--YnHy745RE',NULL,8,'ChIJq45g-YRsbzER--YnHy745RE',4.6,770,'tourist_attraction,monument',NULL,'Mở cả ngày','2025-11-19 07:16:02',NULL),(192,'Tháp Bánh Ít','Phước Hiệp, Tuy Phước, Bình Định, Việt Nam','https://lh3.googleusercontent.com/gps-cs-s/AG0ilSyUEyFr6h62V4g8RJpyD3w260ks2kXOItn_pQmW2VW8EZwUaCPwjhNBc01YuaQZItrMM-wVhmGF7jFoT4V_jRlkqFR_IIuiJQ3uyxqMmSWgoKw4ZViuq8kgff7iAk3OpHDji4YTgg=w137-h92-k-no','https://www.google.com/maps/place/?q=place_id:ChIJZTdsmJwVbzERC-zpYfIFakw','Cụm đền xây bằng gạch có tầm nhìn đẹp. Các đền tháp đổ nát, um tùm cây cối, xây bằng gạch đỏ với tuổi đời hàng thế kỷ nằm trên sườn đồi và nhìn ra núi.',8,'ChIJZTdsmJwVbzERC-zpYfIFakw',4.5,2174,'tourist_attraction',NULL,'Đang mở cửa · Đóng cửa vào 18:00','2025-11-19 07:16:02',NULL),(193,'Di tích sân bay Quy Nhơn','21 Nguyễn Tất Thành, Lý Thường Kiệt, Quy Nhơn, Bình Định, Việt Nam','https://lh3.googleusercontent.com/gps-cs-s/AG0ilSy8MoQ34NLTROF09maPpcbWek6-F1bzH2rR49oun9VNmSp9XmealzC0X7fg0BImnvyl34097HkE6bOLfOWmaNSO_hkqQSSaroScat6yp1woIErnX1xGbqLIO4LWDDiXeyDydIdQEIIhNAFv=w80-h106-k-no','https://www.google.com/maps/place/?q=place_id:ChIJUQDw0D9tbzERPgymXCHFwP4',NULL,8,'ChIJUQDw0D9tbzERPgymXCHFwP4',4.6,289,'historical_landmark',NULL,NULL,'2025-11-19 07:16:02',NULL),(194,'Nhà Lưu Niệm Hàn Mạc Tử','P6C8+JHJ, Trại phong Quy Hòa, Quy Nhơn, Bình Định, Việt Nam','https://lh3.googleusercontent.com/gps-cs-s/AG0ilSxFqS5oLsCyQ0XirtxYXVg-J8hCV_6LP8zG7iIvEVreImg-0UHRVCpx-BEU1cCVH6wOahmt7Kke84FooPy_4YU7tkXqYc30rYj24Fe_xOSzyPBmt-wtEkwqg42Nf7uThx7gxLSWDg=w80-h106-k-no','https://www.google.com/maps/place/?q=place_id:ChIJS5a_jBRtbzER0K0wO2_57Y4',NULL,8,'ChIJS5a_jBRtbzER0K0wO2_57Y4',4.4,477,'tourist_attraction,space_of_remembrance','http://maivang.nld.com.vn/su-kien/tuong-niem-ke-ban-trang-han-mac-tu-20120913020556989.htm','Đang mở cửa · Đóng cửa vào 17:30','2025-11-19 07:16:02',NULL),(195,'Điểm Tham Quan : Đá Ông Tơ','Trên, Bãi Xép, khu vực 1, Bình Định 55000, Việt Nam','https://lh3.googleusercontent.com/gps-cs-s/AG0ilSw49T5sv8R1zE_vW1Rzs0DSPlbNtz4oUl-vUIkgIwB2wWjiOTQz-A_U1ttkLOrkqHCTRTeNd_V0f7YDUin25042XeCZA4IalYZmxduQaT4MU6qb3PSCuGw3nLMsikUrUsyT2VQyAg=w163-h92-k-no','https://www.google.com/maps/place/?q=place_id:ChIJ2UdQSUJzbzERHbmiQ__j3Xg',NULL,8,'ChIJ2UdQSUJzbzERHbmiQ__j3Xg',4.4,29,'tourist_attraction,vista_point',NULL,'Mở cả ngày','2025-11-19 07:16:02',NULL),(196,'Tuyệt Tình Cốc','Ghềnh Ráng, Quy Nhơn, Bình Định, Việt Nam','https://lh3.googleusercontent.com/gps-cs-s/AG0ilSwEm8k4IqH6x78GTl2QX7MMLuFCcUuNWFEGsSGPE8emoHLz4nRf4EnrhI_xEcYt0R9WLQf5xP6vUP9jfVmZdysPZEP8A8gmisqkdipFbZ_K3d20KutlIIcLKHnSA49vXWn-8XbIHg=w137-h92-k-no','https://www.google.com/maps/place/?q=place_id:ChIJVSbOdaNzbzERyFOTgmnUwBo',NULL,8,'ChIJVSbOdaNzbzERyFOTgmnUwBo',3.8,388,'tourist_attraction',NULL,'Mở cả ngày','2025-11-19 07:16:02',NULL),(197,'Con đường đi bộ ven biển Eo Gió','Unnamed Road, Hưng Lương, Quy Nhơn, Bình Định, Việt Nam','https://lh3.googleusercontent.com/gps-cs-s/AG0ilSyoYltf_k6AQFZff0zjPYOzOKfh0bxDGURIKkawhDP8X3udNECVgSTZoQ7OjRIg0x6smaGKxR7fiE_y06wHlyFSHUbBvDhJBZgXBrgFCuuLHu6Lk7rlIdJx3ZbCoMBqPPDxnVqW=w122-h92-k-no','https://www.google.com/maps/place/?q=place_id:ChIJcWux9rdDbzERFvDIKJsA83g',NULL,8,'ChIJcWux9rdDbzERFvDIKJsA83g',4.5,752,'tourist_attraction,hiking_area','https://dulichbienquynhon.net/','Đang mở cửa · Đóng cửa vào 18:30','2025-11-19 07:16:02',NULL),(198,'The Paul Revere House','19 N Square, Boston, MA 02113','https://lh3.googleusercontent.com/p/AF1QipPzdKHi1UHCo55vpkEf267fXJt5M_diIQB9HCKw=w138-h92-k-no','https://www.google.com/maps/place/?q=place_id:ChIJtT5ZHIlw44kRzCtDBAjPP3A','Ngôi nhà của người anh hùng chiến tranh c.mạng. Revere bắt đầu chuyến đi huyền thoại tại ngôi nhà từ thời thuộc địa này. Nhà được tu sửa và vẫn còn giữ lại đồ đạc.',8,'ChIJtT5ZHIlw44kRzCtDBAjPP3A',4.5,4675,'tourist_attraction,historic_site,history_museum,historical_place_museum','https://www.paulreverehouse.org/','Đã đóng cửa · Mở cửa vào 10:00','2025-11-19 07:16:02',NULL),(199,'Fort McHenry National Monument and Historic Shrine','2400 E Fort Ave, Baltimore, MD 21230','https://lh3.googleusercontent.com/gps-cs-s/AG0ilSwfjclg3LeFo_Op0j8HdWoO-1Q3bOVGXl7Bj-zYf8YXLhdBHWIvTcQoXLLo2tF7sewd83MsB5mVBvlsxlr8JQkLbrNCA7-XsiuzRdSM-2aOPXUDVvA6VjHsJO_4pCSTzxvbOfcU=w80-h106-k-no','https://www.google.com/maps/place/?q=place_id:ChIJz2yfIJgDyIkREhJ4NEghTeo','Pháo đài \"Star-Spangled Banner\" nổi tiếng. Pháo đài Fort tưởng niệm chiến thắng 1812 đã truyền cảm hứng cho quốc ca Hoa Kỳ \"The Star-Spangled Banner\".',8,'ChIJz2yfIJgDyIkREhJ4NEghTeo',4.8,6658,'tourist_attraction,hiking_area,historic_site,monument,picnic_ground,historical_landmark','https://www.nps.gov/fomc/index.htm','Đã đóng cửa · Mở cửa vào 9:00','2025-11-19 07:16:02',NULL),(200,'Tenement Museum','103 Orchard St, New York, NY 10002','https://lh3.googleusercontent.com/gps-cs-s/AG0ilSzcd7UzfGKmdTX2zCI2iwDmFwxO1qZwFOmx4Zf8QXCLdaeBi__aPMbygKiPMgiADpmA6uoeAyfrWn48aun0EExmfjnwWuH6rlMNA3ZEW3UJC-mSQ9UI6rNYjx6HKJdWIIdvvhD7p04qZU4=w122-h92-k-no','https://www.google.com/maps/place/?q=place_id:ChIJ20bVJYdZwokRhI7esP3mYM0','Nhà xây năm 1863 cho dân nhập cư đã được bảo tồn. Tòa chung cư xây năm 1863, tái hiện lại câu chuyện dân nhập cư vào khu Lower East Side bằng chuyến tham quan có hướng dẫn.',8,'ChIJ20bVJYdZwokRhI7esP3mYM0',4.6,5662,'tourist_attraction,museum,history_museum','https://www.tenement.org/','Đã đóng cửa · Mở cửa vào 10:00','2025-11-19 07:16:02',NULL),(201,'Washington\'s Headquarters State Historic Site','84 Liberty St, Newburgh, NY 12551','https://lh3.googleusercontent.com/gps-cs-s/AG0ilSxxKPoWRQ6dSscwU-gYJ1eKWeuLV_TThVPfZLUpuIplz6pIvifaeWMy1D5yXmzvWcRo9tpurEn4CE7HdwjVNEGGI35hVlGqUVmqcvpDWKSyAdratL1PrcH4wxcH2SqubwRFa31Y=w138-h92-k-no','https://www.google.com/maps/place/?q=place_id:ChIJaw7RpBYy3YkRSufPOqb4rwo',NULL,8,'ChIJaw7RpBYy3YkRSufPOqb4rwo',4.6,517,'tourist_attraction,historical_place_museum,history_museum,historical_landmark,visitor_center','https://parks.ny.gov/historic-sites/17/details.aspx','Đã đóng cửa · Mở cửa vào 11:00','2025-11-19 07:16:02',NULL),(202,'Bảo tàng Hà Giang - Ha Giang Museum','RXJM+9H3, Trần Hưng Đạo, P. Nguyễn Trãi, Hà Giang, Việt Nam','https://lh3.googleusercontent.com/gps-cs-s/AG0ilSxMvNwnBqD0yTfrtUouHwVtYRCDTid_FofZHNP2W-HXsw6iYdpp63w-_hr3VPqcGezcDLaCqF-nmkKBIOKWCARycs5RU7JmcL0jbsqpKvCb0N1dPtWqpXg2uAdqlNUULQMSg3s=w122-h92-k-no','https://www.google.com/maps/place/?q=place_id:ChIJxzhTabV5zDYRZeNk76KGors',NULL,9,'ChIJxzhTabV5zDYRZeNk76KGors',4.6,141,'tourist_attraction,cultural_landmark,museum,history_museum','http://facebook.com/BaotangtinhHaGiang','Đang mở cửa · Đóng cửa vào 17:00','2025-11-19 07:16:07',NULL),(203,'Đồn Pháp đỉnh núi Cấm','RXFH+88W, Đường lên đỉnh Cấm, P. Nguyễn Trãi, Hà Giang, Việt Nam','https://lh3.googleusercontent.com/gps-cs-s/AG0ilSyxPI8SsZG_H1QUmzOgFNLlPNDmdcO-UP5sSysCC-lOSHyvJo9tiY6BqDQ9NXGeQ_Joh-GMIsOhbgwo4C8slc8EfT4gV88ky8JqREk4BSZzFzh7UVpm3Hhbp14XlYOfkUvpryI2Uw=w187-h92-k-no','https://www.google.com/maps/place/?q=place_id:ChIJeUaXqOd5zDYRDq5XJsdWGv4',NULL,9,'ChIJeUaXqOd5zDYRDq5XJsdWGv4',4.8,178,'tourist_attraction',NULL,NULL,'2025-11-19 07:16:07',NULL),(204,'Ha Giang Historic House & Tours','209 Minh Khai, P. Minh Khai, Hà Giang, 310000, Việt Nam','https://lh3.googleusercontent.com/p/AF1QipONtsz0K30Hv9LMIjHcAdnL4kuadDPCtA8t3QYT=w80-h106-k-no','https://www.google.com/maps/place/?q=place_id:ChIJdQ3400Z5zDYRCh_mntG5LKg',NULL,9,'ChIJdQ3400Z5zDYRCh_mntG5LKg',4.8,446,'hotel','https://hagianghistorichouse.com/',NULL,'2025-11-19 07:16:07',NULL),(205,'Hà Giang cột mốc số 0','39/6 An Cư, Tổ Dân Phố Số 6, Hà Giang, Việt Nam','https://lh3.googleusercontent.com/gps-cs-s/AG0ilSxqtOXyiKIOlWjtR3enUZRbngynsCIu5MHq3ztYmWzUy2wMKKW9D-V29LWTz12RBzUtaaIRUlSlgy_XjzfmtKPXyc8iZi-p_ZapB4JDR5SEzUjrnKA3Oaus-lyNwZu0lERPVyVU=w122-h92-k-no','https://www.google.com/maps/place/?q=place_id:ChIJt4RWoyR5zDYRtoHprmnhR-Q',NULL,9,'ChIJt4RWoyR5zDYRtoHprmnhR-Q',4.7,2346,'tourist_attraction','http://facebook.com/km0.hagiang','Mở cả ngày','2025-11-19 07:16:07',NULL),(206,'Thạch Lâm Viên - Hà Giang','RXW7+J9G, Pho Quang, Vị Xuyên, Hà Giang, Việt Nam','https://lh3.googleusercontent.com/gps-cs-s/AG0ilSx_yF3-xcfaWUXb31a9aaAPcWSLj5_JJVDwNzND_ELO7bsnyeVzSZpVgp16MEoAD1sX5X77CfiJ05F9oDBRioqEjwHiSoGUmuAwlnwR60_e5vM--SLR5jG4dZShGkVmea_VpSp3=w199-h92-k-no','https://www.google.com/maps/place/?q=place_id:ChIJbWW9Qd15zDYRv_JnKIrxr9Y',NULL,9,'ChIJbWW9Qd15zDYRv_JnKIrxr9Y',3.8,162,'tourist_attraction',NULL,'Mở cả ngày','2025-11-19 07:16:07',NULL),(207,'Local Ha Giang Loop Tours, Hotel & Rentals','city, 92Q Nguyễn Trãi, St, Hà Giang, 310000, Việt Nam','https://lh3.googleusercontent.com/p/AF1QipNsaeOIzhWUP9Ijz7fKCj_c3h8_wl6006pQgb8O=w80-h94-k-no','https://www.google.com/maps/place/?q=place_id:ChIJbYBloDV5zDYRi1qjii6fwPM',NULL,9,'ChIJbYBloDV5zDYRi1qjii6fwPM',5,472,'tour_operator,bus_ticket_agency,bus_tour_agency,hotel,sightseeing_tour_agency,tour_agency,tourist_attraction,tourist_information_center','http://www.localhagiangtours.com/',NULL,'2025-11-19 07:16:07',NULL),(208,'Cột mốc số không Hà Giang','RXGM+XMF, Km 0, P. Nguyễn Trãi, Hà Giang, Việt Nam','https://lh3.googleusercontent.com/gps-cs-s/AG0ilSxFopWU9KCcjrEiV6BdDjW5dA_7kRcZLQLSO522XtvyI2MKmJhziFokycq8KjhdwxOCU59Og_0QeqHMskeUMV8N48IfzpYZDT2LJ20-fJXSzVRZOskBmvTpMMb0RhctPcD0LTA4tpfgit86=w80-h106-k-no','https://www.google.com/maps/place/?q=place_id:ChIJe3FyagB5zDYRuwwcU0YpqGA',NULL,9,'ChIJe3FyagB5zDYRuwwcU0YpqGA',4.9,63,'historical_landmark',NULL,NULL,'2025-11-19 07:16:07',NULL),(209,'Ruộng Bậc Thang - Lùng Vài','RWH3+CF, Phương Độ, Hà Giang, Việt Nam','https://lh3.googleusercontent.com/gps-cs-s/AG0ilSy1MXDXm8EL2J8CHzbfiyzo57qyz0nXdIB9gwQ8JpYLBBmjjnut2FcfYiMs_9XVW6x40lH9S_52r1BL5gFeg1Po2atxZbhfR9e7k4Y1xvn33Ot8o8JmqO11uqm_3tZXpvJacjAy5A=w122-h92-k-no','https://www.google.com/maps/place/?q=place_id:ChIJaaZXG_F7zDYRIQVHeA58-3I',NULL,9,'ChIJaaZXG_F7zDYRIQVHeA58-3I',4.8,10,'tourist_attraction',NULL,NULL,'2025-11-19 07:16:07',NULL),(210,'Cao Bành','QXW4+WV9, Phương Thiện, Hà Giang, Việt Nam','https://lh3.googleusercontent.com/gps-cs-s/AG0ilSxbeWJ-S4Xm9c5kuI2LTP6nrwo6Ed6L7ZRhgIecu-9L2BDtmOEDHm7CoBcX2VE68PFSgK2vJ_jqJWXLKGabjebE5knQRhulJ7cS2L12BOmpvQA_0d3KOfGXJD-xLdirrCoMUVim=w122-h92-k-no','https://www.google.com/maps/place/?q=place_id:ChIJ02ecTZN5zDYRj-_VLSO1NIU',NULL,9,'ChIJ02ecTZN5zDYRj-_VLSO1NIU',4.9,25,'tourist_attraction',NULL,NULL,'2025-11-19 07:16:07',NULL),(211,'Thạch Sơn Thần','Quyết Tiến, Quản Bạ, Hà Giang, Việt Nam','https://lh3.googleusercontent.com/gps-cs-s/AG0ilSzH-TCP6kyTS7AxIIoJdBRFRbp8jK-biXvsZ5R32kB_Ev2tP07_MX1eyk9axaCNULfWnMRfvPKue2gkz3VSKIY7wGB_WINGZKFNM3KMii0L-D_6gVcGRVSnDt_z9SSNZ_wocXZiZQ=w163-h92-k-no','https://www.google.com/maps/place/?q=place_id:ChIJD2ffX8R0zDYR33wjxxYIsrk',NULL,9,'ChIJD2ffX8R0zDYR33wjxxYIsrk',4.1,329,'tourist_attraction',NULL,'Đang mở cửa','2025-11-19 07:16:07',NULL),(212,'Di tích Căng Bắc Mê','P9JF+8RV, Yên Cường, Bắc Mê, Hà Giang, Việt Nam','https://lh3.googleusercontent.com/gps-cs-s/AG0ilSw9RKE5ug8pfXvJJKkPrihoKq_uos9d8OA-zd7XMGhcy2R1s6RadjephTtWMhW7JR3tVdkK2Fhxivr92TmSmxVn-9I0LPUKLtBLXnl4bDNt42_wNFIseN59UkVlObLjlGu-pJNs=w122-h92-k-no','https://www.google.com/maps/place/?q=place_id:ChIJ6RyMi8yYyzYRiPnPxMEsaqg',NULL,9,'ChIJ6RyMi8yYyzYRiPnPxMEsaqg',4.5,133,'tourist_attraction,historical_landmark',NULL,NULL,'2025-11-19 07:16:07',NULL),(213,'Cổng Trời Quản Bạ','QL4C, Quản Bạ, Hà Giang, Việt Nam','https://lh3.googleusercontent.com/gps-cs-s/AG0ilSxZDpkBTq8cf5HZP-PoASxQLLKqB9DF56ExpZxPwZh8I5bq3YLSk1-CrXGkhzw6jc4DkieLcHTqKYqHdRYxKiOhQ-3__BvYUpgiSRrvYSEYUTz6c-5MrhyVegYfUeLPdmmj-dI=w136-h92-k-no','https://www.google.com/maps/place/?q=place_id:ChIJewZsv9AKzDYRHamdm61l2Gc','Đài quan sát toàn cảnh trên đỉnh núi rậm rạp. Đài quan sát trên núi nằm phía trên một con đường dốc ngoằn ngoèo cùng cảnh thung lũng xanh tươi với những cánh đồng lúa.',9,'ChIJewZsv9AKzDYRHamdm61l2Gc',4.5,4387,'tourist_attraction',NULL,'Mở cả ngày','2025-11-19 07:16:07',NULL),(214,'Ha Giang Ali Hostel','Hà Giang Ali Hostel, Hạ Thành - Bản Lúp, Phương Thiện, Hà Giang, 310000, Việt Nam','https://lh3.googleusercontent.com/p/AF1QipPtCugTVdvk08kCSWsBFQK7BrKuxlbvvAO2El3Y=w177-h92-k-no','https://www.google.com/maps/place/?q=place_id:ChIJW2JmPk15zDYRwVp93srKP5s',NULL,9,'ChIJW2JmPk15zDYRwVp93srKP5s',4.7,145,'tourist_attraction,bus_ticket_agency,extended_stay_hotel,guest_house,hotel,motorcycle_rental_agency,tour_agency,hostel','https://hagiangalihostel.com/',NULL,'2025-11-19 07:16:07',NULL),(215,'Phố Cổ Đồng Văn','Phố Cổ, Đồng Văn, Hà Giang, Việt Nam','https://lh3.googleusercontent.com/gps-cs-s/AG0ilSzzEpEXgrW89VeSAaGkqBBPwjFOxnFuJ8ySehOJy6eBnOEY215fi8jOHv_2DfzdFInWMEZ_uwFFA2keL2c7xzmPqQBWhbyojVmSst93PModL-x0xp1Buk5-F4KGgGOuUeAaNeLsoA=w163-h92-k-no','https://www.google.com/maps/place/?q=place_id:ChIJhWxZY9XmyzYR1WTLAOxVKWk','Con đường cổ kính bán đồ ăn, đồ thủ công dân tộc. Nhà có tường đất sét, các quán ăn và cửa hàng bán đồ thủ công truyền thống trên con đường có khung cảnh núi non.',9,'ChIJhWxZY9XmyzYR1WTLAOxVKWk',4.5,2490,'tourist_attraction','http://facebook.com/phocodongvan.hagiang','Đang mở cửa · Đóng cửa vào 23:30','2025-11-19 07:16:07',NULL),(216,'Dinh Vua Mèo','Xà Phìn, Đồng Văn, Hà Giang 310000, Việt Nam','https://lh3.googleusercontent.com/gps-cs-s/AG0ilSwEeCah2K01drToUxLotSuuDQk4ukW8lzAMAEPz8Wl0IoNdcBgxiP0ebXbniBG_RcIZZwLXBk6wFghnnQ4EhyTgUqRxh30RJRK-fqsFLKBqVbBmlKrHv771hzGcsIh4_FjIdMym=w122-h92-k-no','https://www.google.com/maps/place/?q=place_id:ChIJU82WwfnkyzYR9HSo2IC68_E','Kiến trúc baroque và cửa hàng đồ thủ công. Dinh thự baroque kiểu Pháp của vua H\'Mông xây vào năm 1921, được bảo tồn và có các cửa hàng bán đồ thủ công địa phương.',9,'ChIJU82WwfnkyzYR9HSo2IC68_E',4.4,6613,'tourist_attraction','http://facebook.com/DinhVuaMeo','Đang mở cửa · Đóng cửa vào 17:00','2025-11-19 07:16:07',NULL),(217,'Washington Crossing Historic Park','1112 River Rd, Washington Crossing, PA 18977','https://lh3.googleusercontent.com/gps-cs-s/AG0ilSx1mzS9cANAGtUfI4VbNtOEtI3IZB6MdRAibVL4biG0YrOO2UeUgAd6nimfgkbAx1WXLhFlzWSigIASmHzz3z8WPeiZWaYMA1Vqr5fVn35HXIJY6ZnmvPI3bjWFtzQPTHU36qk=w80-h106-k-no','https://www.google.com/maps/place/?q=place_id:ChIJdfywo6xXwYkRuS111bIPKqU',NULL,9,'ChIJdfywo6xXwYkRuS111bIPKqU',4.7,2646,'tourist_attraction,historical_landmark,museum,state_park','http://www.washingtoncrossingpark.org/','Đã đóng cửa · Mở cửa vào 10:00','2025-11-19 07:16:07',NULL),(218,'Bảo tàng Côn Đảo','2 Đường Nguyễn Huệ, Côn Đảo, Bà Rịa - Vũng Tàu, Việt Nam','https://lh3.googleusercontent.com/p/AF1QipPGrxKMVTiruIGHRd5WaRM5qmHRMbvNEayxgohg=w163-h92-k-no','https://www.google.com/maps/place/?q=place_id:ChIJ04ihAyepmDERoqNB8kdV66Y',NULL,10,'ChIJ04ihAyepmDERoqNB8kdV66Y',4.6,2167,'tourist_attraction,local_history_museum,history_museum',NULL,'Đang mở cửa · Đóng cửa vào 17:00','2025-11-19 07:16:16',NULL),(219,'Dinh Chúa Đảo','MJM5+585, Tôn Đức Thắng, Côn Đảo, Bà Rịa - Vũng Tàu, Việt Nam','https://lh3.googleusercontent.com/gps-cs-s/AG0ilSwwHEbfdgXrDYRMkz6lvta4QbmWiVwpRQm3x0UGsA1sl3nIIpWTaT3GBUoXL28x3h14VHsk5i1Sjxy6eG0bIiOFKl1MU1K9BnqM-CBDu6RVDdhiF4C5HZwQ4e6GfkKNaCo-j0gF=w163-h92-k-no','https://www.google.com/maps/place/?q=place_id:ChIJ451sq9-omDER479M_AMyu4w',NULL,10,'ChIJ451sq9-omDER479M_AMyu4w',4.3,1055,'tourist_attraction,museum',NULL,'Đang mở cửa · Đóng cửa vào 17:00','2025-11-19 07:16:16',NULL),(220,'Sở Rẫy','MHRQ+GH8, Côn Đảo, Bà Rịa - Vũng Tàu, Việt Nam','https://lh3.googleusercontent.com/gps-cs-s/AG0ilSzaI6Nv6PaGAdyg7Oif3c0qV-ADfg19sZo7ZmszfEGt0oz7vB6BLiBU65eH8yv9E1gZJxCWwp-kFIvaTHLI6FHsf64HFPULnqWf4E6W94subVNpJ-8neFMhqJQl1mbHj8_CIzYlIQ=w137-h92-k-no','https://www.google.com/maps/place/?q=place_id:ChIJK0YE9gOpmDERyCmuK1k37Fk',NULL,10,'ChIJK0YE9gOpmDERyCmuK1k37Fk',4.4,59,'tourist_attraction,historic_site',NULL,NULL,'2025-11-19 07:16:16',NULL),(221,'Nhà tù Côn Đảo','Nguyễn Chí Thanh, Côn Đảo, Bà Rịa - Vũng Tàu, Việt Nam','https://lh3.googleusercontent.com/gps-cs-s/AG0ilSy7ZQ4iYTjDdMqAkCqGH9AfkOmI2817UmjbW_SWSuTqjXrZOOxIHYhg-A2ak41U4FYf6yp8Ibo4xyFx15OZu_lqxnn8hJlEyb0bp2yPUigkeN5vjGkf79QwMvY5LvYPlrd6m7aZ=w122-h92-k-no','https://www.google.com/maps/place/?q=place_id:ChIJm-0iYiapmDERJPfeu1tbLfs','Bảo tàng chiến tranh và nhà tù cũ. Bảo tàng chiến tranh và nhà tù cũ do thực dân Pháp xây dựng, dùng làm nơi tra tấn trong chiến tranh Việt Nam.',10,'ChIJm-0iYiapmDERJPfeu1tbLfs',4.6,1671,'war_museum',NULL,'Đang mở cửa · Đóng cửa vào 17:00','2025-11-19 07:16:16',NULL),(222,'Trại Phú Sơn','MJM6+P9C, Lê Văn Việt, Côn Đảo, Bà Rịa - Vũng Tàu, Việt Nam','https://lh3.googleusercontent.com/gps-cs-s/AG0ilSzQkTgqZea3sxsW4Nniw7dke2CwNchDDV5ny6QikDnattBY4anV19CiehB41eccxuqkIZejD2n3mm-cyFel8s9LiayDF970Z6kgddTHymww-psVsYiPU6JjsgYmoHZhZjV8FhDsOg=w163-h92-k-no','https://www.google.com/maps/place/?q=place_id:ChIJoxLeVt-omDERuiICACDmuDA',NULL,10,'ChIJoxLeVt-omDERuiICACDmuDA',4.7,79,'historical_landmark',NULL,'Đang mở cửa','2025-11-19 07:16:16',NULL),(223,'Vân Sơn Tự','Côn Đảo, Bà Rịa - Vũng Tàu, Việt Nam','https://lh3.googleusercontent.com/gps-cs-s/AG0ilSzzrB3_aMSr7twGcy6LKqCgHdnNc_5yNN-9NJ--KfAt9uWVM9pj_AUqoPt5M0qqI_im_FH9ReRh5Bp-e8XzT0Y91mWpXOI1phZA3cSTiO9jLojyjxayrgIuzFeuNhoD2WvHZcN5=w122-h92-k-no','https://www.google.com/maps/place/?q=place_id:ChIJJZx0m--omDERCZ4029nvhEo',NULL,10,'ChIJJZx0m--omDERCZ4029nvhEo',4.7,2577,'tourist_attraction,buddhist_temple',NULL,'Đang mở cửa · Đóng cửa vào 18:00','2025-11-19 07:16:16',NULL),(224,'Chiều Hoàng Hôn Côn Đảo','PH4H+8M, Côn Đảo, Bà Rịa - Vũng Tàu 790000, Việt Nam','https://lh3.googleusercontent.com/gps-cs-s/AG0ilSwU0CjOEXeHPF5aj8KZzPspEVbE9qmOJ1pfEGPwvJs5PiYW9bVTaYKhOiUJC-rrsLLxdP-skCc6z8QQdbodylmgkTqS2R9fpEUdj6sBqdpsPPMayJv5dg7gHyrJeqsWjl3eiAmF=w163-h92-k-no','https://www.google.com/maps/place/?q=place_id:ChIJz1mU37SpmDER1266D3D2olY',NULL,10,'ChIJz1mU37SpmDER1266D3D2olY',4.8,262,'tourist_attraction',NULL,'Mở cả ngày','2025-11-19 07:16:16',NULL),(225,'Hang Đức Mẹ Côn Sơn','PH3X+C5J, Côn Đảo, Bà Rịa - Vũng Tàu, Việt Nam','https://lh3.googleusercontent.com/gps-cs-s/AG0ilSx5eIDJ5aW7ukOXqGdYIMlSf3sEx63Q-94ZY644esmL0mo_rnTIaEX7Y2LBhxQIuHtfjCaC4TQFa6bvF2gMoJcKmklIMqxJQONItSRAHR_1wfiDOWDmw_sSEYSvzcR09eQ_1ma9=w122-h92-k-no','https://www.google.com/maps/place/?q=place_id:ChIJb5tqPxKpmDEReZsYlDFT_m4',NULL,10,'ChIJb5tqPxKpmDEReZsYlDFT_m4',4.5,123,'tourist_attraction,pilgrimages_place',NULL,NULL,'2025-11-19 07:16:16',NULL),(226,'Sở Cò Nhà Lưu Niệm Võ Thị Sáu','MJM5+9FX, Lê Duẩn, street, Con, Son Island, Bà Rịa - Vũng Tàu, Việt Nam','https://lh3.googleusercontent.com/gps-cs-s/AG0ilSyq-sASf_Qg-WdGLlrk0cgEB6B9gsx2nyVfIkhgM6TSm7HVFByJckjn5YjFhjHZkhDIhUjpJaAIzokGxStySq-X9qgDJ-rzskRB8LEwbxgI7oVyfqq6dhS8c8dWCiQlxcEVb6EzAA=w163-h92-k-no','https://www.google.com/maps/place/?q=place_id:ChIJHXsTf9ipmDER6ne6TcvMK_8',NULL,10,'ChIJHXsTf9ipmDER6ne6TcvMK_8',4.5,36,'historical_landmark',NULL,NULL,'2025-11-19 07:16:16',NULL),(227,'Cầu tàu 914','MJJ5+8P4, Tôn Đức Thắng, Côn Đảo, Bà Rịa - Vũng Tàu, Việt Nam','https://lh3.googleusercontent.com/gps-cs-s/AG0ilSwlVuK7VcOkwxoWND_jbBl6K3_rs9iZ18cW4HTugRGhMWz-lMuXIfhG6_B4PDp86V67roUK1aq1gxVkLlmkv_-EOhP5QrOXwe3Gl42evgP2rR-N91m3tlfdFhggBXojI_fFvZI3=w122-h92-k-no','https://www.google.com/maps/place/?q=place_id:ChIJc_x3ZsqpmDERs3au9V942UQ',NULL,10,'ChIJc_x3ZsqpmDERs3au9V942UQ',4.8,353,'historical_landmark','/url?q=http://trungtambaotonditichquocgiacondao.vn/&opi=79508299&sa=U&ved=0ahUKEwjguf3Y1f2QAxUbTTABHX5lIXEQ61gIkgIoEQ&usg=AOvVaw2jwvDytb2MIs6ecm8ZR2mH','Mở cả ngày','2025-11-19 07:16:16',NULL),(228,'Trại Phú Tường (Chuồng Cọp Pháp)','MJQ7+9Q2, đảo Côn Sơn,Bà Rịa Vũng Tàu, Côn Đảo, Bà Rịa - Vũng Tàu, Việt Nam','https://lh3.googleusercontent.com/gps-cs-s/AG0ilSzndCFMq-VVrnfF8eiZYTd4-cKYCN3TC58D21W86KRdsmzpH7hOIUATQkXSKMnYKu64hqynVgZF21MxbCr6FSXrZnUDsgBVtobOpIDwsDlUYiby6lwCecDNYGJtEapUT3j8hB5Zgw=w122-h92-k-no','https://www.google.com/maps/place/?q=place_id:ChIJZ3HnXyapmDEROjRcNB3FkRo',NULL,10,'ChIJZ3HnXyapmDEROjRcNB3FkRo',4.7,251,'historical_landmark',NULL,'Đang mở cửa · Đóng cửa vào 17:00','2025-11-19 07:16:16',NULL),(229,'Khu Biệt lập Chuồng Bò','MJQ5+C56, Đường Võ Thị Sáu, Côn Đảo, Bà Rịa - Vũng Tàu, Việt Nam','https://lh3.googleusercontent.com/gps-cs-s/AG0ilSwsOs4hY7imZjbUpGZ5IHFHlU2YWmDZdEEhO2Mz7M-X_P5TpPbXOk59xa4uZR5aKLD4naiGettEL8qL8YAm0ww5LGYdjvI5kMoB9U1bdM8Aw2LczeXxU00pCKhxZSCu9BZj1xSe=w122-h92-k-no','https://www.google.com/maps/place/?q=place_id:ChIJX3e4ha-pmDERt04C0lAkNNI',NULL,10,'ChIJX3e4ha-pmDERt04C0lAkNNI',4.4,19,'historical_landmark',NULL,'Mở cả ngày','2025-11-19 07:16:16',NULL),(230,'Con Dao Travel - SNORKELING - Trekking - Historical sites','4 Nguyễn Đức Thuận, Côn Đảo, Bà Rịa - Vũng Tàu, Việt Nam','https://lh3.googleusercontent.com/gps-cs-s/AG0ilSzfB3T6l6aSFsmDSzGgheewme431z31-LIX7Jg4EgT6g0j6cFKlIENVx7FjBWdlLnRwMdRIs04yS3k-1Mas7GVB1x6ogMVBaewQrruWCb0ZqM13FNcL4AHPqDUthcT3qiq3RfZ7-2qxECGh=w163-h92-k-no','https://www.google.com/maps/place/?q=place_id:ChIJm5XC96-pmDERsKRPskg4nn8',NULL,10,'ChIJm5XC96-pmDERsKRPskg4nn8',4.6,71,'travel_agency','/url?q=http://condaotrip.com.vn/&opi=79508299&sa=U&ved=0ahUKEwjguf3Y1f2QAxUbTTABHX5lIXEQ61gI6QIoEQ&usg=AOvVaw3oUNd8EhUpRKj0TCX9lTMa','Đang mở cửa · Đóng cửa vào 22:00','2025-11-19 07:16:16',NULL),(231,'Côn Đảo Travel','28 Đường Võ Thị Sáu, Côn Đảo, Bà Rịa - Vũng Tàu, Việt Nam','https://lh3.googleusercontent.com/gps-cs-s/AG0ilSzsIAUHkHbfU9n1qz_MXRBJEwTkbeUo91lXNzWqYhph2zmPnIhgF0sUWPSytZ0ULhYbZo8EFxm9jAFi_Q38Y2UB_fVWLrVmq__NCSUmQRhxKvi_TFAzGt9jkdM0Z-Y4alkWv7a9=w184-h92-k-no','https://www.google.com/maps/place/?q=place_id:ChIJ5fB8rCGpmDER4FAJ_V3quWE',NULL,10,'ChIJ5fB8rCGpmDER4FAJ_V3quWE',4.5,103,'tour_agency,tourist_attraction','/url?q=http://condaotravels.com.vn/&opi=79508299&sa=U&ved=0ahUKEwjguf3Y1f2QAxUbTTABHX5lIXEQ61gIiQMoEQ&usg=AOvVaw38pJKhGM76YmoDKvRFjb4h','Đang mở cửa · Đóng cửa vào 20:00','2025-11-19 07:16:16',NULL),(232,'Tái Sinh Zone - Nơi ngắm hoàng hôn Côn Đảo, Sunset view.','Bến Đầm, Côn Đảo, Bà Rịa - Vũng Tàu 78800, Việt Nam','https://lh3.googleusercontent.com/gps-cs-s/AG0ilSxbtczIdPsqKyd7nza5J6aIubSkyXzPH-2hUcAcNdGYs-J3jFNiS9ccNAMDs1eH79_0GJ_RxqWNBf6ydSDZxdSkBd94OLMjmnQ2q84E_1KSMove661jytYLgaM5WmdsS-KLyZegmw=w163-h92-k-no','https://www.google.com/maps/place/?q=place_id:ChIJByJ7wl-pmDERpsVbYjLxvzs',NULL,10,'ChIJByJ7wl-pmDERpsVbYjLxvzs',4.8,143,'tourist_attraction',NULL,'Đang mở cửa · Đóng cửa vào 22:00','2025-11-19 07:16:16',NULL),(233,'Vườn Quốc gia Côn Đảo','PH2W+3GM, Côn Đảo, Bà Rịa - Vũng Tàu, Việt Nam','https://lh3.googleusercontent.com/gps-cs-s/AG0ilSx_DOFRDexqcjC5H1yE4MhLmj7h4EOqQzb5QcaUDP4nBu7o2Di_igV84Lr6TFS4sMeqHqHKIPAJYzbj_MccGYcRpL0b1OEvH4UzeYJufyO4fEsFvkEpfo_m74TeU4dcA97zQJcwYQ=w122-h92-k-no','https://www.google.com/maps/place/?q=place_id:ChIJnwIbmRGpmDERc70YdMd7DfE','Khu bảo tồn tự nhiên có bãi biển, động vật hoang. Công viên xanh tươi trên đảo có khỉ hoang, rùa biển và là nơi thích hợp để bơi lội, lặn ống thở và đi bộ.',10,'ChIJnwIbmRGpmDERc70YdMd7DfE',4.5,370,'national_park','/url?q=http://condaopark.com.vn/&opi=79508299&sa=U&ved=0ahUKEwjguf3Y1f2QAxUbTTABHX5lIXEQ61gIxgMoEQ&usg=AOvVaw3tujBRq6sYFBksfXQ0SqEA','Đang mở cửa · Đóng cửa vào 17:00','2025-11-19 07:16:16',NULL),(234,'Di tích Bãi Sọ Người','Đường Đường Võ Thị Sáu, Côn Đảo, Bà Rịa - Vũng Tàu, Việt Nam','https://lh3.googleusercontent.com/gps-cs-s/AG0ilSxq2bzIETq3BRN4WopxfPLpXokEy4naf8OnOk4Uxvzr75Vi_oF4syzXux5KITCAH0r3qofwup0hr2rQ7TVsIaw9ZKrH-_44JOJ7LJ04NPURQWZ_CNr4xml1rESsgRZAjgSU9TMf=w122-h92-k-no','https://www.google.com/maps/place/?q=place_id:ChIJNYa4kCGpmDER7Xs9vn50Nww',NULL,10,'ChIJNYa4kCGpmDER7Xs9vn50Nww',4.6,20,'historical_landmark','/url?q=https://triphunter.vn/places/con-dao/items/di-tich-bai-so-nguoi&opi=79508299&sa=U&ved=0ahUKEwjguf3Y1f2QAxUbTTABHX5lIXEQ61gI5QMoEQ&usg=AOvVaw1WXMew2WyxmxX9Oin-s5xw',NULL,'2025-11-19 07:16:16',NULL),(235,'Con Dao Experience','Dive Center, Nguyễn Văn Linh, street, Côn Đảo, Bà Rịa - Vũng Tàu, Việt Nam','https://lh3.googleusercontent.com/p/AF1QipPY-xR9jugtRR3y0KotrhhTrfoAMpeOZLPloDeE=w122-h92-k-no','https://www.google.com/maps/place/?q=place_id:ChIJM4o2_WCpmDER3SGffoTU7W8',NULL,10,'ChIJM4o2_WCpmDER3SGffoTU7W8',5,5,'tour_operator,travel_agency','/url?q=http://www.condaoexperience.com/&opi=79508299&sa=U&ved=0ahUKEwjguf3Y1f2QAxUbTTABHX5lIXEQ61gIhAQoEQ&usg=AOvVaw3hy0wNt45iasuo7OOIBV2b','Đang mở cửa · Đóng cửa vào 18:00','2025-11-19 07:16:16',NULL),(236,'Independence National Historical Park','Philadelphia, PA 19106','https://lh3.googleusercontent.com/gps-cs-s/AG0ilSwOjGfHOnm0UeFfqcikQALHac31cPYth_2PV-ZNrMzZuhjthyK-x3k76bXWM4kLbjWFgriUXLXtiBhuXsHc_P9QUcY1HxFhZqtb_FZc5J_D3BX1ndefotjxaGo5PeL-jdmFO4H-=w122-h92-k-no','https://www.google.com/maps/place/?q=place_id:ChIJGVDvkoTIxokRIQNxPpqAR4Y','Đền thờ quốc gia cùng Chuông Tự do. Công viên nhiều danh thắng này bao trọn 20 khu phố cùng các bảo tàng, Hội trường Độc lập và Chuông Tự do.',10,'ChIJGVDvkoTIxokRIQNxPpqAR4Y',4.6,25948,'tourist_attraction,historic_site','/url?q=https://www.nps.gov/inde/index.htm&opi=79508299&sa=U&ved=0ahUKEwjguf3Y1f2QAxUbTTABHX5lIXEQ61gInQQoCw&usg=AOvVaw0qRb31dv84FvdaQeXgrg_z',NULL,'2025-11-19 07:16:16',NULL),(237,'Harpers Ferry National Historical Park','171 Shoreline Dr, Harpers Ferry, WV 25425','https://lh3.googleusercontent.com/gps-cs-s/AG0ilSyXho0ZdgUoqIL7TJ9b1uUNqgKYyM_mQ8Md_m8_L6QDCeBe8MJXSdD53ykyC1MOhqDFBJcm2OMkoRwYZvmH7vipURMth4RQ_Vapft9pH87CDmVh84S2awdc3mhqaNfTEesevLJbJQ=w138-h92-k-no','https://www.google.com/maps/place/?q=place_id:ChIJy_35qFsdtokRRZ61H23WXqQ','Vùng đất lạ có bảo tàng & phòng trưng bày. Điểm đến dành cho gia đình có các đường mòn đi bộ, bảo tàng và chương trình thuyết minh sống động về lịch sử.',10,'ChIJy_35qFsdtokRRZ61H23WXqQ',4.8,12361,'tourist_attraction,historic_site','/url?q=https://www.nps.gov/hafe/index.htm&opi=79508299&sa=U&ved=0ahUKEwjguf3Y1f2QAxUbTTABHX5lIXEQ61gIuwQoDQ&usg=AOvVaw2zjOaE8QrFTsjLAkxJlbTi','Đã đóng cửa · Mở cửa vào 9:00','2025-11-19 07:16:16',NULL),(238,'Đà Nẵng',NULL,NULL,NULL,NULL,NULL,NULL,NULL,NULL,NULL,NULL,NULL,'2025-11-24 04:11:25',NULL),(239,'Phú Quốc',NULL,NULL,NULL,NULL,NULL,NULL,NULL,NULL,NULL,NULL,NULL,'2025-11-24 05:18:24',NULL);
/*!40000 ALTER TABLE `tbl_Destination` ENABLE KEYS */;
UNLOCK TABLES;

--
-- Table structure for table `tbl_DestinationCategory`
--

DROP TABLE IF EXISTS `tbl_DestinationCategory`;
/*!40101 SET @saved_cs_client     = @@character_set_client */;
/*!50503 SET character_set_client = utf8mb4 */;
CREATE TABLE `tbl_DestinationCategory` (
  `categoryId` int NOT NULL AUTO_INCREMENT,
  `code` varchar(50) NOT NULL,
  `name` varchar(100) NOT NULL,
  PRIMARY KEY (`categoryId`),
  UNIQUE KEY `UKljwx1x86ufn61fmx6mniobl` (`code`)
) ENGINE=InnoDB DEFAULT CHARSET=utf8mb4 COLLATE=utf8mb4_0900_ai_ci;
/*!40101 SET character_set_client = @saved_cs_client */;

--
-- Dumping data for table `tbl_DestinationCategory`
--

LOCK TABLES `tbl_DestinationCategory` WRITE;
/*!40000 ALTER TABLE `tbl_DestinationCategory` DISABLE KEYS */;
/*!40000 ALTER TABLE `tbl_DestinationCategory` ENABLE KEYS */;
UNLOCK TABLES;

--
-- Table structure for table `tbl_Expense`
--

DROP TABLE IF EXISTS `tbl_Expense`;
/*!40101 SET @saved_cs_client     = @@character_set_client */;
/*!50503 SET character_set_client = utf8mb4 */;
CREATE TABLE `tbl_Expense` (
  `expenseId` int NOT NULL AUTO_INCREMENT,
  `amount` decimal(38,2) NOT NULL,
  `category` varchar(100) COLLATE utf8mb4_unicode_ci NOT NULL,
  `date` date NOT NULL,
  `tbl_BudgetbudgetId` int NOT NULL,
  PRIMARY KEY (`expenseId`),
  KEY `fk_Expense_Budget` (`tbl_BudgetbudgetId`),
  CONSTRAINT `fk_Expense_Budget` FOREIGN KEY (`tbl_BudgetbudgetId`) REFERENCES `tbl_Budget` (`budgetId`) ON DELETE CASCADE
) ENGINE=InnoDB AUTO_INCREMENT=5 DEFAULT CHARSET=utf8mb4 COLLATE=utf8mb4_unicode_ci;
/*!40101 SET character_set_client = @saved_cs_client */;

--
-- Dumping data for table `tbl_Expense`
--

LOCK TABLES `tbl_Expense` WRITE;
/*!40000 ALTER TABLE `tbl_Expense` DISABLE KEYS */;
INSERT INTO `tbl_Expense` VALUES (1,3586400.00,'Transportation','2025-11-25',4),(2,1571829.00,'Accommodation','2025-11-25',4),(3,7733600.00,'Flight','2025-11-25',5),(4,3001000.00,'Accommodation','2025-11-25',5);
/*!40000 ALTER TABLE `tbl_Expense` ENABLE KEYS */;
UNLOCK TABLES;

--
-- Table structure for table `tbl_ItineraryItem`
--

DROP TABLE IF EXISTS `tbl_ItineraryItem`;
/*!40101 SET @saved_cs_client     = @@character_set_client */;
/*!50503 SET character_set_client = utf8mb4 */;
CREATE TABLE `tbl_ItineraryItem` (
  `tbl_TriptripId` int NOT NULL,
  `tbl_DestinationdestinationId` int NOT NULL,
  `arrivalDate` date NOT NULL,
  `departureDate` date NOT NULL,
  `notes` varchar(255) COLLATE utf8mb4_unicode_ci DEFAULT NULL,
  PRIMARY KEY (`tbl_TriptripId`,`tbl_DestinationdestinationId`),
  KEY `fk_Itinerary_Destination` (`tbl_DestinationdestinationId`),
  CONSTRAINT `fk_Itinerary_Destination` FOREIGN KEY (`tbl_DestinationdestinationId`) REFERENCES `tbl_Destination` (`destinationId`) ON DELETE CASCADE,
  CONSTRAINT `fk_Itinerary_Trip` FOREIGN KEY (`tbl_TriptripId`) REFERENCES `tbl_Trip` (`tripId`) ON DELETE CASCADE
) ENGINE=InnoDB DEFAULT CHARSET=utf8mb4 COLLATE=utf8mb4_unicode_ci;
/*!40101 SET character_set_client = @saved_cs_client */;

--
-- Dumping data for table `tbl_ItineraryItem`
--

LOCK TABLES `tbl_ItineraryItem` WRITE;
/*!40000 ALTER TABLE `tbl_ItineraryItem` DISABLE KEYS */;
INSERT INTO `tbl_ItineraryItem` VALUES (4,238,'2025-11-25','2025-11-26','2'),(5,239,'2025-11-25','2025-11-26','2');
/*!40000 ALTER TABLE `tbl_ItineraryItem` ENABLE KEYS */;
UNLOCK TABLES;

--
-- Table structure for table `tbl_Location`
--

DROP TABLE IF EXISTS `tbl_Location`;
/*!40101 SET @saved_cs_client     = @@character_set_client */;
/*!50503 SET character_set_client = utf8mb4 */;
CREATE TABLE `tbl_Location` (
  `tbl_DestinationdestinationId` int NOT NULL,
  `latitude` double NOT NULL,
  `longitude` double NOT NULL,
  `description` varchar(255) COLLATE utf8mb4_unicode_ci DEFAULT NULL,
  PRIMARY KEY (`tbl_DestinationdestinationId`),
  CONSTRAINT `fk_Location_Destination` FOREIGN KEY (`tbl_DestinationdestinationId`) REFERENCES `tbl_Destination` (`destinationId`) ON DELETE CASCADE
) ENGINE=InnoDB DEFAULT CHARSET=utf8mb4 COLLATE=utf8mb4_unicode_ci;
/*!40101 SET character_set_client = @saved_cs_client */;

--
-- Dumping data for table `tbl_Location`
--

LOCK TABLES `tbl_Location` WRITE;
/*!40000 ALTER TABLE `tbl_Location` DISABLE KEYS */;
INSERT INTO `tbl_Location` VALUES (42,21.019887699999998,105.8466083,'Điểm thu hút khách du lịch'),(43,21.0253297,105.8464781,'Điểm thu hút khách du lịch'),(44,21.034401,105.85355179999999,'Điểm thu hút khách du lịch'),(45,21.0352231,105.8402594,'Điểm thu hút khách du lịch'),(46,21.0315956,105.8530717,'Điểm thu hút khách du lịch'),(47,21.0245045,105.8593698,'Điểm thu hút khách du lịch'),(48,21.034059,105.85063679999999,'Điểm thu hút khách du lịch'),(49,21.009326899999998,105.7538922,'Điểm thu hút khách du lịch'),(50,21.0310407,105.8537523,'Điểm mốc lịch sử'),(51,21.0237437,105.85713919999999,'Điểm thu hút khách du lịch'),(52,21.035782599999997,105.8510084,'Điểm thu hút khách du lịch'),(53,21.033963,105.85269319999999,'Điểm thu hút khách du lịch'),(54,21.0285785,105.8358425,'Điểm thu hút khách du lịch'),(55,21.035687499999998,105.8334375,'Điểm thu hút khách du lịch'),(56,21.012806599999998,105.8239881,'Điểm thu hút khách du lịch'),(57,21.0272911,105.8456128,'Điểm thu hút khách du lịch'),(58,21.034384,105.85044599999999,'Điểm thu hút khách du lịch'),(59,21.0238801,105.8573639,'Điểm thu hút khách du lịch'),(60,21.0278365,105.8522734,'Địa điểm lịch sử'),(61,21.0368973,105.8346667,'Điểm thu hút khách du lịch'),(62,16.4661728,107.58000489999999,'Điểm thu hút khách du lịch'),(63,16.4648236,107.58137479999999,'Điểm thu hút khách du lịch'),(64,16.427872999999998,107.564166,'Điểm thu hút khách du lịch'),(65,16.471343,107.58207999999999,'Điểm thu hút khách du lịch'),(66,16.469527,107.577432,'Điểm thu hút khách du lịch'),(67,16.398953499999998,107.5902955,'Điểm thu hút khách du lịch'),(68,16.465476499999998,107.58092149999999,'Điểm thu hút khách du lịch'),(69,16.455312199999998,107.5537736,'Điểm thu hút khách du lịch'),(70,16.471316299999998,107.58412829999999,'Điểm thu hút khách du lịch'),(71,16.4667369,107.6420974,'Điểm thu hút khách du lịch'),(72,16.4951318,107.57707429999999,'Điểm thu hút khách du lịch'),(73,16.4680109,107.5855723,'Điểm thu hút khách du lịch'),(74,16.4595041,107.5812131,'Điểm thu hút khách du lịch'),(75,16.47694,107.57395869999999,'Điểm thu hút khách du lịch'),(76,16.456655899999998,107.59828159999999,'Điểm thu hút khách du lịch'),(77,16.4330054,107.5664315,'Điểm thu hút khách du lịch'),(78,16.4621693,107.5708002,'Điểm thu hút khách du lịch'),(79,16.4694173,107.56573069999999,'Điểm thu hút khách du lịch'),(80,16.4662865,107.58028949999999,'Điểm thu hút khách du lịch'),(81,16.4679298,107.58122759999999,'Điểm thu hút khách du lịch'),(82,15.877109299999999,108.3292184,'Điểm thu hút khách du lịch'),(83,15.8770873,108.32607039999999,'Điểm thu hút khách du lịch'),(84,15.876482099999999,108.32776589999999,'Điểm thu hút khách du lịch'),(85,15.877191499999999,108.32580089999999,'Điểm thu hút khách du lịch'),(86,15.8819272,108.32641439999999,'Điểm thu hút khách du lịch'),(87,15.875689699999999,108.3330773,'Điểm thu hút khách du lịch'),(88,15.865155999999999,108.32423,'Điểm thu hút khách du lịch'),(89,15.879995599999999,108.3281578,'Điểm thu hút khách du lịch'),(90,15.8623813,108.32346969999999,'Điểm thu hút khách du lịch'),(91,15.8763998,108.325254,'Điểm thu hút khách du lịch'),(92,15.8771322,108.3342679,'Điểm thu hút khách du lịch'),(93,15.8793771,108.3626103,'Điểm thu hút khách du lịch'),(94,15.8871571,108.31956029999999,'Điểm thu hút khách du lịch'),(95,15.8783122,108.3231716,'Điểm thu hút khách du lịch'),(96,15.876595199999999,108.32648209999999,'Điểm thu hút khách du lịch'),(97,15.876474,108.32423109999999,'Điểm thu hút khách du lịch'),(98,15.880268599999999,108.3294629,'Bảo tàng'),(99,15.876137799999999,108.320572,'Điểm thu hút khách du lịch'),(100,15.877533399999999,108.3256375,'Điểm thu hút khách du lịch'),(101,15.876841899999999,108.3263413,'Bảo tàng di sản'),(102,10.7795106,106.6920916,'Điểm thu hút khách du lịch'),(103,10.776994199999999,106.69530209999999,'Điểm thu hút khách du lịch'),(104,10.7770396,106.7065382,'Điểm thu hút khách du lịch'),(105,10.7704503,106.6994843,'Điểm thu hút khách du lịch'),(106,10.7688391,106.6967763,'Điểm thu hút khách du lịch'),(107,10.788075,106.7047291,'Bảo tàng lịch sử'),(108,10.7760193,106.70154889999999,'Điểm thu hút khách du lịch'),(109,10.7689843,106.6778405,'Điểm thu hút khách du lịch'),(110,10.783918199999999,106.6309033,'Điểm thu hút khách du lịch'),(111,10.7755137,106.7020924,'Điểm thu hút khách du lịch'),(112,10.7715673,106.7042465,'Điểm thu hút khách du lịch'),(113,10.7759656,106.69964759999999,'Bảo tàng lịch sử địa phương'),(114,10.7721254,106.6859453,'Điểm mốc lịch sử'),(115,10.7754659,106.6867714,'Điểm thu hút khách du lịch'),(116,10.775304199999999,106.7064721,'Điểm thu hút khách du lịch'),(117,10.7682339,106.7068328,'Bảo tàng lịch sử'),(118,10.7765617,106.6973201,'Điểm mốc lịch sử'),(119,10.7761823,106.6718875,'Điểm thu hút khách du lịch'),(120,10.7836813,106.6876327,'Điểm thu hút khách du lịch'),(121,10.7765206,106.6973489,'Bảo tàng'),(122,20.2843154,105.90836069999999,'Điểm thu hút khách du lịch'),(123,20.2310125,105.9377969,'Điểm thu hút khách du lịch'),(124,20.2258772,105.9188918,'Điểm thu hút khách du lịch'),(125,20.2157522,105.9374407,'Điểm thu hút khách du lịch'),(126,20.273253,105.9102336,'Điểm thu hút khách du lịch'),(127,20.2163242,105.93746639999999,'Điểm thu hút khách du lịch'),(128,20.263383899999997,105.9681679,'Điểm thu hút khách du lịch'),(129,20.258750499999998,105.98054549999999,'Điểm thu hút khách du lịch'),(130,20.216041399999998,105.9006842,'Điểm thu hút khách du lịch'),(131,20.2241949,105.9298831,'Điểm thu hút khách du lịch'),(132,20.2127648,105.8839034,'Điểm thu hút khách du lịch'),(133,20.2179731,105.8932792,'Điểm thu hút khách du lịch'),(134,20.251663,105.92454699999999,'Điểm thu hút khách du lịch'),(135,20.218071,105.93514959999999,'Điểm thu hút khách du lịch'),(136,20.285960799999998,105.9053824,'Điểm thu hút khách du lịch'),(137,20.215983599999998,105.9326158,'Bảo tàng'),(138,20.2167074,105.8914631,'Điểm thu hút khách du lịch'),(139,20.259949499999998,105.98160779999999,'Điểm thu hút khách du lịch'),(140,20.2175782,105.9156582,'Điểm thu hút khách du lịch'),(141,20.2160552,105.9141399,'Điểm thu hút khách du lịch'),(142,22.3041235,103.89864,'Điểm thu hút khách du lịch'),(143,22.3312974,103.8295029,'Điểm thu hút khách du lịch'),(144,22.314183,103.8765109,'Điểm thu hút khách du lịch'),(145,22.350249899999998,103.8553306,'Điểm thu hút khách du lịch'),(146,22.3523571,103.76539439999999,'Điểm thu hút khách du lịch'),(147,22.327359299999998,103.8459589,'Điểm thu hút khách du lịch'),(148,22.3063876,103.7749833,'Điểm mốc lịch sử'),(149,22.3773113,103.8515496,'Điểm thu hút khách du lịch'),(150,22.3516849,103.76544799999999,'Điểm thu hút khách du lịch'),(151,22.3034485,103.7751452,'Điểm thu hút khách du lịch'),(152,22.3040511,103.89852839999999,'Bảo tàng'),(153,22.334574,103.8477709,'Điểm thu hút khách du lịch'),(154,22.402822,103.83678669999999,'Điểm thu hút khách du lịch'),(155,22.3355923,103.8401093,'Bảo tàng'),(156,22.3527515,103.7653048,'Điểm thu hút khách du lịch'),(157,22.3352066,103.840907,'Trung tâm thông tin cho khách'),(158,22.333244099999998,103.8404137,'Điểm thu hút khách du lịch'),(159,22.3380509,103.8237036,'Điểm thu hút khách du lịch'),(160,22.3350884,103.8423651,'Điểm thu hút khách du lịch'),(161,22.3398087,103.81459749999999,'Điểm mốc lịch sử'),(162,21.3829319,103.017673,'Điểm thu hút khách du lịch'),(163,21.384942199999998,103.0106677,'Điểm thu hút khách du lịch'),(164,21.3845554,103.01072029999999,'Điểm mốc lịch sử'),(165,21.352454299999998,103.0084244,'Điểm mốc lịch sử'),(166,21.366279,103.0183938,'Điểm thu hút khách du lịch'),(167,21.3910429,103.00788159999999,'Điểm thu hút khách du lịch'),(168,21.3921301,103.01887669999999,'Điểm thu hút khách du lịch'),(169,21.4214311,103.00669669999999,'Địa điểm lịch sử'),(170,21.384864399999998,103.0105152,'Điểm mốc lịch sử'),(171,21.380734699999998,103.01513589999999,'Bảo tàng lịch sử'),(172,21.4057802,103.0251523,'Địa điểm lịch sử'),(173,21.405531,103.025294,'Bảo tàng địa danh lịch sử'),(174,21.3843109,103.020443,'Điểm thu hút khách du lịch'),(175,21.4025,103.024,'Điểm thu hút khách du lịch'),(176,21.3951116,103.0149982,'Bảo tàng lịch sử địa phương'),(177,21.3927414,103.01953359999999,'Bảo tàng lịch sử địa phương'),(178,21.4280674,103.0467659,'Điểm thu hút khách du lịch'),(179,21.3810704,103.0174693,'Nghĩa trang quân đội'),(180,21.3929547,103.01111709999999,'Khách sạn'),(181,21.316694599999998,103.0045741,'Điểm thu hút khách du lịch'),(182,13.742312499999999,109.2158125,'Điểm thu hút khách du lịch'),(183,13.7829673,109.2196634,'Điểm thu hút khách du lịch'),(184,13.761797099999999,109.2518322,'Điểm thu hút khách du lịch'),(185,13.786170499999999,109.21103749999999,'Điểm thu hút khách du lịch'),(186,13.841726,109.1805625,'Điểm thu hút khách du lịch'),(187,13.770575599999999,109.23337889999999,'Điểm thu hút khách du lịch'),(188,13.890381099999999,109.18544949999999,'Điểm thu hút khách du lịch'),(189,13.7798936,109.2179659,'Điểm thu hút khách du lịch'),(190,13.774388799999999,109.1459117,'Điểm mốc lịch sử'),(191,13.777137399999999,109.2261929,'Điểm thu hút khách du lịch'),(192,13.8684236,109.1352191,'Điểm thu hút khách du lịch'),(193,13.7708263,109.2219379,'Điểm mốc lịch sử'),(194,13.721582999999999,109.2163779,'Điểm thu hút khách du lịch'),(195,13.691040099999999,109.2203792,'Điểm thu hút khách du lịch'),(196,13.689217399999999,109.22109239999999,'Điểm thu hút khách du lịch'),(197,13.884744099999999,109.29211719999999,'Điểm thu hút khách du lịch'),(198,42.363738999999995,-71.05369999999999,'Điểm thu hút khách du lịch'),(199,39.2641007,-76.58064139999999,'Điểm thu hút khách du lịch'),(200,40.718818,-73.9900876,'Điểm thu hút khách du lịch'),(201,41.497715899999996,-74.00992509999999,'Điểm thu hút khách du lịch'),(202,22.830628299999997,104.98378679999999,'Điểm thu hút khách du lịch'),(203,22.8233677,104.97833759999999,'Điểm thu hút khách du lịch'),(204,22.8147737,104.98959649999999,'Khách sạn'),(205,22.8274375,104.98418749999999,'Điểm thu hút khách du lịch'),(206,22.8465652,104.9634389,'Điểm thu hút khách du lịch'),(207,22.8102762,104.9791846,'Nhà điều hành du lịch'),(208,22.8274384,104.98418749999999,'Điểm mốc lịch sử'),(209,22.8286201,104.90371449999999,'Điểm thu hút khách du lịch'),(210,22.797285,104.95723559999999,'Điểm thu hút khách du lịch'),(211,23.0265916,104.9702126,'Điểm thu hút khách du lịch'),(212,22.7308573,105.3745508,'Điểm thu hút khách du lịch'),(213,23.0492816,104.99267719999999,'Điểm thu hút khách du lịch'),(214,22.8151531,104.9625897,'Điểm thu hút khách du lịch'),(215,23.2782612,105.361378,'Điểm thu hút khách du lịch'),(216,23.2563483,105.2621695,'Điểm thu hút khách du lịch'),(217,40.295618999999995,-74.8718427,'Điểm thu hút khách du lịch'),(218,8.6870519,106.61409719999999,'Điểm thu hút khách du lịch'),(219,8.6828892,106.60835859999999,'Điểm thu hút khách du lịch'),(220,8.6912829,106.5889478,'Điểm thu hút khách du lịch'),(221,8.689295,106.61451179999999,'Bảo tàng chiến tranh'),(222,8.6843019,106.6108921,'Điểm mốc lịch sử'),(223,8.6742148,106.5960503,'Điểm thu hút khách du lịch'),(224,8.7057872,106.5791292,'Điểm thu hút khách du lịch'),(225,8.703578,106.5979043,'Điểm thu hút khách du lịch'),(226,8.683494699999999,106.6087415,'Điểm mốc lịch sử'),(227,8.680755699999999,106.60931509999999,'Điểm mốc lịch sử'),(228,8.68838,106.61440189999999,'Điểm mốc lịch sử'),(229,8.6885364,106.60787979999999,'Điểm mốc lịch sử'),(230,8.680515399999999,106.6027732,'Đại lý du lịch'),(231,8.6879735,106.6080085,'Đại lý du lịch'),(232,8.6738854,106.5628788,'Điểm thu hút khách du lịch'),(233,8.700210799999999,106.5963104,'Công viên quốc gia'),(234,8.6890731,106.6070689,'Điểm mốc lịch sử'),(235,8.6870393,106.60608859999999,'Nhà điều hành du lịch'),(236,39.949531199999996,-75.14973189999999,'Điểm thu hút khách du lịch'),(237,39.3178043,-77.7581415,'Điểm thu hút khách du lịch');
/*!40000 ALTER TABLE `tbl_Location` ENABLE KEYS */;
UNLOCK TABLES;

--
-- Table structure for table `tbl_Notification`
--

DROP TABLE IF EXISTS `tbl_Notification`;
/*!40101 SET @saved_cs_client     = @@character_set_client */;
/*!50503 SET character_set_client = utf8mb4 */;
CREATE TABLE `tbl_Notification` (
  `notificationId` int NOT NULL AUTO_INCREMENT,
  `message` varchar(255) COLLATE utf8mb4_unicode_ci NOT NULL,
  `timestamp` timestamp NOT NULL DEFAULT CURRENT_TIMESTAMP,
  `isRead` tinyint(1) NOT NULL DEFAULT '0',
  `tbl_CustomercustomerId` int NOT NULL,
  PRIMARY KEY (`notificationId`),
  KEY `fk_Notification_Customer` (`tbl_CustomercustomerId`),
  CONSTRAINT `fk_Notification_Customer` FOREIGN KEY (`tbl_CustomercustomerId`) REFERENCES `tbl_Customer` (`customerId`) ON DELETE CASCADE
) ENGINE=InnoDB DEFAULT CHARSET=utf8mb4 COLLATE=utf8mb4_unicode_ci;
/*!40101 SET character_set_client = @saved_cs_client */;

--
-- Dumping data for table `tbl_Notification`
--

LOCK TABLES `tbl_Notification` WRITE;
/*!40000 ALTER TABLE `tbl_Notification` DISABLE KEYS */;
/*!40000 ALTER TABLE `tbl_Notification` ENABLE KEYS */;
UNLOCK TABLES;

--
-- Table structure for table `tbl_Region`
--

DROP TABLE IF EXISTS `tbl_Region`;
/*!40101 SET @saved_cs_client     = @@character_set_client */;
/*!50503 SET character_set_client = utf8mb4 */;
CREATE TABLE `tbl_Region` (
  `regionId` int NOT NULL AUTO_INCREMENT,
  `name` varchar(100) COLLATE utf8mb4_unicode_ci NOT NULL,
  `description` text COLLATE utf8mb4_unicode_ci,
  `createdAt` timestamp NOT NULL DEFAULT CURRENT_TIMESTAMP,
  `updatedAt` timestamp NULL DEFAULT NULL,
  PRIMARY KEY (`regionId`)
) ENGINE=InnoDB AUTO_INCREMENT=4 DEFAULT CHARSET=utf8mb4 COLLATE=utf8mb4_unicode_ci;
/*!40101 SET character_set_client = @saved_cs_client */;

--
-- Dumping data for table `tbl_Region`
--

LOCK TABLES `tbl_Region` WRITE;
/*!40000 ALTER TABLE `tbl_Region` DISABLE KEYS */;
INSERT INTO `tbl_Region` VALUES (1,'Miền Bắc','Khu vực Bắc Bộ: Đông Bắc, Tây Bắc, Đồng bằng sông Hồng, gồm Hà Nội, Hà Giang, Lào Cai, Điện Biên, Ninh Bình...','2025-11-11 10:51:22',NULL),(2,'Miền Trung','Khu vực Trung Bộ: Bắc Trung Bộ, Duyên hải Nam Trung Bộ, Tây Nguyên, gồm Thừa Thiên Huế, Quảng Nam, Bình Định...','2025-11-11 10:51:22',NULL),(3,'Miền Nam','Khu vực Nam Bộ: Đông Nam Bộ, Tây Nam Bộ, gồm TP.HCM, Bà Rịa-Vũng Tàu (Côn Đảo)...','2025-11-11 10:51:22',NULL);
/*!40000 ALTER TABLE `tbl_Region` ENABLE KEYS */;
UNLOCK TABLES;

--
-- Table structure for table `tbl_Trip`
--

DROP TABLE IF EXISTS `tbl_Trip`;
/*!40101 SET @saved_cs_client     = @@character_set_client */;
/*!50503 SET character_set_client = utf8mb4 */;
CREATE TABLE `tbl_Trip` (
  `tripId` int NOT NULL AUTO_INCREMENT,
  `tripName` varchar(100) COLLATE utf8mb4_unicode_ci NOT NULL,
  `startDate` date NOT NULL,
  `endDate` date NOT NULL,
  `tbl_CustomercustomerId` int NOT NULL,
  PRIMARY KEY (`tripId`),
  KEY `idx_trip_customer` (`tbl_CustomercustomerId`),
  CONSTRAINT `fk_Trip_Customer` FOREIGN KEY (`tbl_CustomercustomerId`) REFERENCES `tbl_Customer` (`customerId`) ON DELETE CASCADE
) ENGINE=InnoDB AUTO_INCREMENT=6 DEFAULT CHARSET=utf8mb4 COLLATE=utf8mb4_unicode_ci;
/*!40101 SET character_set_client = @saved_cs_client */;

--
-- Dumping data for table `tbl_Trip`
--

LOCK TABLES `tbl_Trip` WRITE;
/*!40000 ALTER TABLE `tbl_Trip` DISABLE KEYS */;
INSERT INTO `tbl_Trip` VALUES (4,'Chuyến đi đến Đà Nẵng','2025-11-25','2025-11-26',2),(5,'Chuyến đi đến Phú Quốc','2025-11-25','2025-11-26',2);
/*!40000 ALTER TABLE `tbl_Trip` ENABLE KEYS */;
UNLOCK TABLES;

--
-- Table structure for table `tbl_TripAttraction`
--

DROP TABLE IF EXISTS `tbl_TripAttraction`;
/*!40101 SET @saved_cs_client     = @@character_set_client */;
/*!50503 SET character_set_client = utf8mb4 */;
CREATE TABLE `tbl_TripAttraction` (
  `tripAttractionId` int NOT NULL AUTO_INCREMENT,
  `tbl_TriptripId` int NOT NULL,
  `name` varchar(200) COLLATE utf8mb4_unicode_ci DEFAULT NULL,
  `address` varchar(500) COLLATE utf8mb4_unicode_ci DEFAULT NULL,
  `description` text COLLATE utf8mb4_unicode_ci,
  `visitDate` date DEFAULT NULL,
  `estimatedDuration` int DEFAULT NULL COMMENT 'Duration in minutes',
  `category` varchar(100) COLLATE utf8mb4_unicode_ci DEFAULT NULL,
  `latitude` decimal(9,6) DEFAULT NULL,
  `longitude` decimal(9,6) DEFAULT NULL,
  `jsonData` text COLLATE utf8mb4_unicode_ci COMMENT 'Full JSON from Perplexity',
  `createdAt` timestamp NOT NULL DEFAULT CURRENT_TIMESTAMP,
  `activity` varchar(255) COLLATE utf8mb4_unicode_ci DEFAULT NULL,
  `date` varchar(20) COLLATE utf8mb4_unicode_ci DEFAULT NULL,
  `location` varchar(255) COLLATE utf8mb4_unicode_ci DEFAULT NULL,
  `reason` varchar(500) COLLATE utf8mb4_unicode_ci DEFAULT NULL,
  `time` varchar(20) COLLATE utf8mb4_unicode_ci DEFAULT NULL,
  PRIMARY KEY (`tripAttractionId`),
  KEY `idx_tripattraction_trip` (`tbl_TriptripId`),
  CONSTRAINT `fk_TripAttraction_Trip` FOREIGN KEY (`tbl_TriptripId`) REFERENCES `tbl_Trip` (`tripId`) ON DELETE CASCADE
) ENGINE=InnoDB AUTO_INCREMENT=7 DEFAULT CHARSET=utf8mb4 COLLATE=utf8mb4_unicode_ci;
/*!40101 SET character_set_client = @saved_cs_client */;

--
-- Dumping data for table `tbl_TripAttraction`
--

LOCK TABLES `tbl_TripAttraction` WRITE;
/*!40000 ALTER TABLE `tbl_TripAttraction` DISABLE KEYS */;
INSERT INTO `tbl_TripAttraction` VALUES (1,5,NULL,NULL,NULL,NULL,NULL,NULL,NULL,NULL,NULL,'2025-11-24 05:18:24','Ăn trưa và nghỉ tại nhà hàng địa phương','2025-11-25','Nhà hàng cơm niêu Phú Quốc','','11:00-14:00'),(2,5,NULL,NULL,NULL,NULL,NULL,NULL,NULL,NULL,NULL,'2025-11-24 05:18:24','Tắm biển, chụp ảnh tại Bãi Sao','2025-11-25','Bãi Sao','','14:00-17:00'),(3,5,NULL,NULL,NULL,NULL,NULL,NULL,NULL,NULL,NULL,'2025-11-24 05:18:24','Ngắm hoàng hôn, thưởng thức hải sản','2025-11-25','Sunset Sanato Beach Club','','17:00-20:00'),(4,5,NULL,NULL,NULL,NULL,NULL,NULL,NULL,NULL,NULL,'2025-11-24 05:18:24','Khám phá chợ đêm Phú Quốc','2025-11-25','Chợ đêm Dương Đông','','20:00-22:00'),(5,5,NULL,NULL,NULL,NULL,NULL,NULL,NULL,NULL,NULL,'2025-11-24 05:18:24','Tham quan Vinpearl Safari Phú Quốc','2025-11-25','Vinpearl Safari','','08:00-11:00'),(6,5,NULL,NULL,NULL,NULL,NULL,NULL,NULL,NULL,NULL,'2025-11-24 05:18:24','Ăn trưa và nghỉ ngơi trong khu Vinpearl','2025-11-25','Nhà hàng trong Vinpearl Safari','','11:00-14:00');
/*!40000 ALTER TABLE `tbl_TripAttraction` ENABLE KEYS */;
UNLOCK TABLES;

--
-- Table structure for table `tbl_TripFlight`
--

DROP TABLE IF EXISTS `tbl_TripFlight`;
/*!40101 SET @saved_cs_client     = @@character_set_client */;
/*!50503 SET character_set_client = utf8mb4 */;
CREATE TABLE `tbl_TripFlight` (
  `tripFlightId` int NOT NULL AUTO_INCREMENT,
  `tbl_TriptripId` int NOT NULL,
  `airline` varchar(100) COLLATE utf8mb4_unicode_ci DEFAULT NULL,
  `flightNumber` varchar(50) COLLATE utf8mb4_unicode_ci DEFAULT NULL,
  `departureAirport` varchar(100) COLLATE utf8mb4_unicode_ci DEFAULT NULL,
  `arrivalAirport` varchar(100) COLLATE utf8mb4_unicode_ci DEFAULT NULL,
  `departureTime` varchar(30) COLLATE utf8mb4_unicode_ci DEFAULT NULL,
  `arrivalTime` varchar(30) COLLATE utf8mb4_unicode_ci DEFAULT NULL,
  `price` decimal(12,2) DEFAULT NULL,
  `currency` varchar(10) COLLATE utf8mb4_unicode_ci DEFAULT NULL,
  `bookingUrl` varchar(500) COLLATE utf8mb4_unicode_ci DEFAULT NULL,
  `jsonData` text COLLATE utf8mb4_unicode_ci COMMENT 'Full JSON from SerpAPI',
  `createdAt` timestamp NOT NULL DEFAULT CURRENT_TIMESTAMP,
  `airlineId` varchar(10) COLLATE utf8mb4_unicode_ci DEFAULT NULL,
  `arrivalId` varchar(10) COLLATE utf8mb4_unicode_ci DEFAULT NULL,
  `departureId` varchar(10) COLLATE utf8mb4_unicode_ci DEFAULT NULL,
  `flightDuration` varchar(50) COLLATE utf8mb4_unicode_ci DEFAULT NULL,
  `priceVnd` int DEFAULT NULL,
  PRIMARY KEY (`tripFlightId`),
  UNIQUE KEY `tbl_TriptripId` (`tbl_TriptripId`),
  KEY `idx_tripflight_trip` (`tbl_TriptripId`),
  CONSTRAINT `fk_TripFlight_Trip` FOREIGN KEY (`tbl_TriptripId`) REFERENCES `tbl_Trip` (`tripId`) ON DELETE CASCADE
) ENGINE=InnoDB AUTO_INCREMENT=2 DEFAULT CHARSET=utf8mb4 COLLATE=utf8mb4_unicode_ci;
/*!40101 SET character_set_client = @saved_cs_client */;

--
-- Dumping data for table `tbl_TripFlight`
--

LOCK TABLES `tbl_TripFlight` WRITE;
/*!40000 ALTER TABLE `tbl_TripFlight` DISABLE KEYS */;
INSERT INTO `tbl_TripFlight` VALUES (1,5,'Vietjet',NULL,NULL,NULL,'2025-11-25 17:40','2025-11-25 19:45',NULL,NULL,NULL,NULL,'2025-11-24 05:18:24','VI','SÂN','CẢN','125m',7733600);
/*!40000 ALTER TABLE `tbl_TripFlight` ENABLE KEYS */;
UNLOCK TABLES;

--
-- Table structure for table `tbl_TripHotel`
--

DROP TABLE IF EXISTS `tbl_TripHotel`;
/*!40101 SET @saved_cs_client     = @@character_set_client */;
/*!50503 SET character_set_client = utf8mb4 */;
CREATE TABLE `tbl_TripHotel` (
  `tripHotelId` int NOT NULL AUTO_INCREMENT,
  `tbl_TriptripId` int NOT NULL,
  `hotelName` varchar(200) COLLATE utf8mb4_unicode_ci DEFAULT NULL,
  `address` varchar(255) COLLATE utf8mb4_unicode_ci DEFAULT NULL,
  `checkInDate` date DEFAULT NULL,
  `checkOutDate` date DEFAULT NULL,
  `pricePerNight` decimal(12,2) DEFAULT NULL,
  `totalPrice` decimal(12,2) DEFAULT NULL,
  `currency` varchar(10) COLLATE utf8mb4_unicode_ci DEFAULT NULL,
  `rating` decimal(3,1) DEFAULT NULL,
  `bookingUrl` varchar(500) COLLATE utf8mb4_unicode_ci DEFAULT NULL,
  `latitude` double DEFAULT NULL,
  `longitude` double DEFAULT NULL,
  `jsonData` text COLLATE utf8mb4_unicode_ci COMMENT 'Full JSON from SerpAPI',
  `createdAt` timestamp NOT NULL DEFAULT CURRENT_TIMESTAMP,
  `name` varchar(255) COLLATE utf8mb4_unicode_ci DEFAULT NULL,
  `priceTotalVnd` int DEFAULT NULL,
  PRIMARY KEY (`tripHotelId`),
  UNIQUE KEY `tbl_TriptripId` (`tbl_TriptripId`),
  KEY `idx_triphotel_trip` (`tbl_TriptripId`),
  CONSTRAINT `fk_TripHotel_Trip` FOREIGN KEY (`tbl_TriptripId`) REFERENCES `tbl_Trip` (`tripId`) ON DELETE CASCADE
) ENGINE=InnoDB AUTO_INCREMENT=2 DEFAULT CHARSET=utf8mb4 COLLATE=utf8mb4_unicode_ci;
/*!40101 SET character_set_client = @saved_cs_client */;

--
-- Dumping data for table `tbl_TripHotel`
--

LOCK TABLES `tbl_TripHotel` WRITE;
/*!40000 ALTER TABLE `tbl_TripHotel` DISABLE KEYS */;
INSERT INTO `tbl_TripHotel` VALUES (1,5,NULL,NULL,NULL,NULL,NULL,NULL,NULL,NULL,NULL,NULL,NULL,NULL,'2025-11-24 05:18:24','Vinpearl Resort & Spa Phú Quốc',3001000);
/*!40000 ALTER TABLE `tbl_TripHotel` ENABLE KEYS */;
UNLOCK TABLES;

--
-- Table structure for table `tbl_WeatherForecast`
--

DROP TABLE IF EXISTS `tbl_WeatherForecast`;
/*!40101 SET @saved_cs_client     = @@character_set_client */;
/*!50503 SET character_set_client = utf8mb4 */;
CREATE TABLE `tbl_WeatherForecast` (
  `forecastId` int NOT NULL AUTO_INCREMENT,
  `date` date NOT NULL,
  `temperature` decimal(5,2) NOT NULL,
  `condition` varchar(100) COLLATE utf8mb4_unicode_ci DEFAULT NULL,
  `tbl_DestinationdestinationId` int NOT NULL,
  PRIMARY KEY (`forecastId`),
  KEY `fk_Forecast_Destination` (`tbl_DestinationdestinationId`),
  CONSTRAINT `fk_Forecast_Destination` FOREIGN KEY (`tbl_DestinationdestinationId`) REFERENCES `tbl_Destination` (`destinationId`) ON DELETE CASCADE
) ENGINE=InnoDB DEFAULT CHARSET=utf8mb4 COLLATE=utf8mb4_unicode_ci;
/*!40101 SET character_set_client = @saved_cs_client */;

--
-- Dumping data for table `tbl_WeatherForecast`
--

LOCK TABLES `tbl_WeatherForecast` WRITE;
/*!40000 ALTER TABLE `tbl_WeatherForecast` DISABLE KEYS */;
/*!40000 ALTER TABLE `tbl_WeatherForecast` ENABLE KEYS */;
UNLOCK TABLES;

--
-- Dumping routines for database 'travelapp'
--
/*!40103 SET TIME_ZONE=@OLD_TIME_ZONE */;

/*!40101 SET SQL_MODE=@OLD_SQL_MODE */;
/*!40014 SET FOREIGN_KEY_CHECKS=@OLD_FOREIGN_KEY_CHECKS */;
/*!40014 SET UNIQUE_CHECKS=@OLD_UNIQUE_CHECKS */;
/*!40101 SET CHARACTER_SET_CLIENT=@OLD_CHARACTER_SET_CLIENT */;
/*!40101 SET CHARACTER_SET_RESULTS=@OLD_CHARACTER_SET_RESULTS */;
/*!40101 SET COLLATION_CONNECTION=@OLD_COLLATION_CONNECTION */;
/*!40111 SET SQL_NOTES=@OLD_SQL_NOTES */;

-- Dump completed on 2025-11-24 22:48:07
